OBJECTID,naicssix,DESC_,steelhead,naics2,remi70,US2detailed,sixcat
1,111110,SOYBEAN FARMING,ag,11,70,agnat,AGREMPN
2,111120,OILSEED (EXCEPT SOYBEAN) FARMING,ag,11,70,agnat,AGREMPN
3,111130,DRY PEA AND BEAN FARMING,ag,11,70,agnat,AGREMPN
4,111140,WHEAT FARMING,ag,11,70,agnat,AGREMPN
5,111150,CORN FARMING,ag,11,70,agnat,AGREMPN
6,111160,RICE FARMING,ag,11,70,agnat,AGREMPN
7,111199,ALL OTHER GRAIN FARMING,ag,11,70,agnat,AGREMPN
8,111211,POTATO FARMING,ag,11,70,agnat,AGREMPN
9,111219,OTHER VEGETABLE (EXCEPT POTATO) AND MELON FARMING,ag,11,70,agnat,AGREMPN
10,111310,ORANGE GROVES,ag,11,70,agnat,AGREMPN
11,111320,CITRUS (EXCEPT ORANGE) GROVES,ag,11,70,agnat,AGREMPN
12,111331,APPLE ORCHARDS,ag,11,70,agnat,AGREMPN
13,111332,GRAPE VINEYARDS,ag,11,70,agnat,AGREMPN
14,111333,STRAWBERRY FARMING,ag,11,70,agnat,AGREMPN
15,111334,BERRY (EXCEPT STRAWBERRY) FARMING,ag,11,70,agnat,AGREMPN
16,111335,TREE NUT FARMING,ag,11,70,agnat,AGREMPN
17,111336,FRUIT AND TREE NET COMBINATION FARMING,ag,11,70,agnat,AGREMPN
18,111339,OTHER NONCITRUS FRUIT FARMING,ag,11,70,agnat,AGREMPN
19,111411,MUSHROOM PRODUCTION,ag,11,70,agnat,AGREMPN
20,111419,OTHER FOOD CROPS GROWN UNDER COVER,ag,11,70,agnat,AGREMPN
21,111421,NURSERY AND TREE PRODUCTION,ag,11,70,agnat,AGREMPN
22,111422,FLORICULTURE PRODUCTION,ag,11,70,agnat,AGREMPN
23,111910,TOBACCO FARMING,ag,11,70,agnat,AGREMPN
24,111920,COTTON FARMING,ag,11,70,agnat,AGREMPN
25,111930,SUGARCANE FARMING,ag,11,70,agnat,AGREMPN
26,111940,HAY FARMING,ag,11,70,agnat,AGREMPN
27,111991,SUGAR BEET FARMING,ag,11,70,agnat,AGREMPN
28,111992,PEANUT FARMING,ag,11,70,agnat,AGREMPN
29,111998,ALL OTHER MISCELLANEOUS CROP FARMING,ag,11,70,agnat,AGREMPN
30,112111,BEEF CATTLE RANCHING AND FARMING,ag,11,70,agnat,AGREMPN
31,112112,CATTLE FEEDLOTS,ag,11,70,agnat,AGREMPN
32,112120,DAIRY CATTLE AND MILK PRODUCTION,ag,11,70,agnat,AGREMPN
33,112210,HOG AND PIG FARMING,ag,11,70,agnat,AGREMPN
34,112310,CHICKEN EGG PRODUCTION,ag,11,70,agnat,AGREMPN
35,112320,BROILERS AND OTHER MEAT-TYPE CHICKEN PRODUCTION,ag,11,70,agnat,AGREMPN
36,112330,TURKEY PRODUCTION,ag,11,70,agnat,AGREMPN
37,112340,POULTRY HATCHERIES,ag,11,70,agnat,AGREMPN
38,112390,OTHER POULTRY PRODUCTION,ag,11,70,agnat,AGREMPN
39,112410,SHEEP FARMING,ag,11,70,agnat,AGREMPN
40,112420,GOAT FARMING,ag,11,70,agnat,AGREMPN
41,112511,FINFISH FARMING AND FISH HATCHERIES,ag,11,70,agnat,AGREMPN
42,112512,SHELLFISH FARMING,ag,11,70,agnat,AGREMPN
43,112519,OTHER AQUACULTURE,ag,11,70,agnat,AGREMPN
44,112910,APICULTURE,ag,11,70,agnat,AGREMPN
45,112920,HORSE AND OTHER EQUINE PRODUCTION,ag,11,70,agnat,AGREMPN
46,112930,FUR-BEARING ANIMAL AND RABBIT PRODUCTION,ag,11,70,agnat,AGREMPN
47,112990,ALL OTHER ANIMAL PRODUCTION,ag,11,70,agnat,AGREMPN
48,113110,TIMBER TRACT OPERATIONS,ag,11,1,agnat,AGREMPN
49,113210,FOREST NURSERIES AND GATHERING OF FOREST PRODUCTS,ag,11,1,agnat,AGREMPN
50,113310,LOGGING,ag,11,1,agnat,AGREMPN
51,114111,FINFISH FISHING,ag,11,1,agnat,AGREMPN
52,114112,SHELLFISH FISHING,ag,11,1,agnat,AGREMPN
53,114119,OTHER MARINE FISHING,ag,11,1,agnat,AGREMPN
54,114210,HUNTING AND TRAPPING,ag,11,1,agnat,AGREMPN
55,115111,COTTON GINNING,ag,11,2,agnat,AGREMPN
56,115112,"SOIL PREPARATION, PLANTING AND CULTIVATING",ag,11,2,agnat,AGREMPN
57,115113,"CROP HARVESTING, PRIMARILY BY MACHINE",ag,11,2,agnat,AGREMPN
58,115114,POSTHARVEST CROP ACTIVITIES (EXCEPT COTTON GINNING),ag,11,2,agnat,AGREMPN
59,115115,FARM LABOR CONTRACTORS AND CREW LEADERS,ag,11,2,agnat,AGREMPN
60,115116,FARM MANAGEMENT SERVICES,ag,11,2,agnat,AGREMPN
61,115210,SUPPORT ACTIVITIES FOR ANIMAL PRODUCTION,ag,11,2,agnat,AGREMPN
62,115310,SUPPORT ACTIVITIES FOR FORESTRY,ag,11,2,agnat,AGREMPN
63,211111,CRUDE PETROLEUM AND NATURAL GAS EXTRACTION,natres,21,3,agnat,AGREMPN
64,211112,NATURAL GAS LIQUID EXTRACTION,natres,21,3,agnat,AGREMPN
65,212111,BITUMINOUS COAL AND LIGNITE SURFACE MINING,natres,21,4,agnat,AGREMPN
66,212112,BITUMINOUS COAL UNDERGROUND MINING,natres,21,4,agnat,AGREMPN
67,212113,ANTHRACITE MINING,natres,21,4,agnat,AGREMPN
68,212210,IRON ORE MINING,natres,21,4,agnat,AGREMPN
69,212221,GOLD ORE MINING,natres,21,4,agnat,AGREMPN
70,212222,SILVER ORE MINING,natres,21,4,agnat,AGREMPN
71,212231,LEAD ORE AND ZINC ORE MINING,natres,21,4,agnat,AGREMPN
72,212234,COPPER ORE AND NICKEL ORE MINING,natres,21,4,agnat,AGREMPN
73,212291,URANIUM-RADIUM-VANADIUM ORE MINING,natres,21,4,agnat,AGREMPN
74,212299,OTHER METAL ORE MINING,natres,21,4,agnat,AGREMPN
75,212311,DIMENSION STONE MINING AND QUARRY,natres,21,4,agnat,AGREMPN
76,212312,CRUSHED AND BROKEN LIMESTONE MINING AND QUARRYING,natres,21,4,agnat,AGREMPN
77,212313,CRUSHED AND BROKEN GRANITE MINING AND QUARRYING,natres,21,4,agnat,AGREMPN
78,212319,OTHER CRUSHED AND BROKEN STONE MINING AND QUARRYING,natres,21,4,agnat,AGREMPN
79,212321,CONSTRUCTION SAND AND GRAVEL MINING,natres,21,4,agnat,AGREMPN
80,212322,INDUSTRIAL SAND MINING,natres,21,4,agnat,AGREMPN
81,212324,KAOLIN AND BALL CLAY MINING,natres,21,4,agnat,AGREMPN
82,212325,CLAY AND CERAMIC AND REFRACTORY MINERALS MINING,natres,21,4,agnat,AGREMPN
83,212391,"POTASH, SODA, AND BORATE MINERAL MINING",natres,21,4,agnat,AGREMPN
84,212392,PHOSPHATE ROCK MINING,natres,21,4,agnat,AGREMPN
85,212393,OTHER CHEMICAL AND FERTILIZER MINERAL MINING,natres,21,4,agnat,AGREMPN
86,212399,ALL OTHER NON-METALLIC MINERAL MINING,natres,21,4,agnat,AGREMPN
87,213111,DRILLING OIL AND GAS WELLS,natres,21,5,agnat,AGREMPN
88,213112,SUPPORT ACTIVITIES FOR OIL AND GAS FIELD OPERATIONS,natres,21,5,agnat,AGREMPN
89,213113,SUPPORT ACTIVITIES FOR COAL MINING,natres,21,5,agnat,AGREMPN
90,213114,SUPPORT ACTIVITIES FOR METAL MINING,natres,21,5,agnat,AGREMPN
91,213115,"SUPPORT ACTIVITIES FOR NON-METALLIC MINERALS, (EXCEPT FUELS)",natres,21,5,agnat,AGREMPN
92,221111,HYDRO ELECTRIC POWER GENERATION,util,22,6,util,MWTEMPN
93,221112,FOSSIL FUEL ELECTRIC POWER GENERATION,util,22,6,util,MWTEMPN
94,221113,NUCLEAR ELECTRIC POWER GENERATION,util,22,6,util,MWTEMPN
95,221115,"ELECTRIC POWER GENERATION, WIND",util,22,6,util,MWTEMPN
96,221118,OTHER ELECTRIC POWER GENERATION,util,22,6,util,MWTEMPN
97,221121,ELECTRIC BULK POWER TRANSMISSION AND CONTROL,util,22,6,util,MWTEMPN
98,221122,ELECTRIC POWER DISTRIBUTION,util,22,6,util,MWTEMPN
99,221210,NATURAL GAS DISTRIBUTION,util,22,6,util,MWTEMPN
100,221310,WATER SUPPLY AND IRRIGATION SYSTEMS,util,22,6,util,MWTEMPN
101,221320,SEWAGE TREATMENT FACILITIES,util,22,6,util,MWTEMPN
102,221330,STEAM AND AIR-CONDITIONING SUPPLY,util,22,6,util,MWTEMPN
103,236115,NEW SINGLE-FAMILY HOUSING CONSTRUCTION (EXCEPT FOR-SALE BUILDERS),constr,23,7,constr,OTHEMPN
104,236116,NEW MULTIFAMILY HOUSING CONSTRUCTION (EXCEPT FOR-SALE BUILDERS),constr,23,7,constr,OTHEMPN
105,236117,NEW HOUSING FOR-SALE BUILDERS,constr,23,7,constr,OTHEMPN
106,236118,RESIDENTIAL REMODELERS,constr,23,7,constr,OTHEMPN
107,236210,INDUSTRIAL BUILDING CONSTRUCTION,constr,23,7,constr,OTHEMPN
108,236220,COMMERCIAL AND INSTITUTIONAL BUILDING CONSTRUCTION,constr,23,7,constr,OTHEMPN
109,237110,WATER AND SEWER LINE AND RELATED STRUCTURES CONSTRUCTION,constr,23,7,constr,OTHEMPN
110,237120,OIL AND GAS PIPELINE AND RELATED STRUCTURES CONSTRUCTION,constr,23,7,constr,OTHEMPN
111,237130,POWER AND COMMUNICATION LINE AND RELATED STRUCTURES CONSTRUCTION,constr,23,7,constr,OTHEMPN
112,237210,LAND SUBDIVISION,constr,23,7,constr,OTHEMPN
113,237310,"HIGHWAY, STREET AND BRIDGE CONSTRUCTION",constr,23,7,constr,OTHEMPN
114,237990,OTHER HEAVY AND CIVIL ENGINEERING CONSTRUCTION,constr,23,7,constr,OTHEMPN
115,238110,POURED CONCRETE FOUNDATION AND STRUCTURE CONTRACTORS,constr,23,7,constr,OTHEMPN
116,238120,STRUCTURAL STEEL AND PRECAST CONCRETE CONTRACTORS,constr,23,7,constr,OTHEMPN
117,238130,FRAMING CONTRACTORS,constr,23,7,constr,OTHEMPN
118,238140,MASONRY CONTRACTORS,constr,23,7,constr,OTHEMPN
119,238150,GLASS AND GLAZING CONTRACTORS,constr,23,7,constr,OTHEMPN
120,238160,ROOFING CONTRACTORS,constr,23,7,constr,OTHEMPN
121,238170,SIDING CONTRACTORS,constr,23,7,constr,OTHEMPN
122,238190,"OTHER FOUNDATION, STRUCTURE, AND BUILDING EXTERIOR CONTRACTORS",constr,23,7,constr,OTHEMPN
123,238210,ELECTRICAL CONTRACTORS,constr,23,7,constr,OTHEMPN
124,238220,"PLUMBING, HEATING AND AIR-CONDITIONING CONTRACTORS",constr,23,7,constr,OTHEMPN
125,238290,OTHER BUILDING EQUIPMENT CONTRACTORS,constr,23,7,constr,OTHEMPN
126,238310,DRYWALL AND INSULATION CONTRACTORS,constr,23,7,constr,OTHEMPN
127,238320,PAINTING AND WALL COVERING CONTRACTORS,constr,23,7,constr,OTHEMPN
128,238330,FLOORING CONTRACTORS,constr,23,7,constr,OTHEMPN
129,238340,TILE AND TERRAZZO AND TILE CONTRACTORS,constr,23,7,constr,OTHEMPN
130,238350,FINISH CARPENTRY CONTACTORS,constr,23,7,constr,OTHEMPN
131,238390,OTHER BUILDING FINISHING CONTRACTORS,constr,23,7,constr,OTHEMPN
132,238910,SITE PREPARATION CONTRACTORS,constr,23,7,constr,OTHEMPN
133,238990,ALL OTHER SPECIALTY TRADE CONTRACTORS,constr,23,7,constr,OTHEMPN
134,311111,DOG AND CAT FOOD MANUFACTURING,man_lgt,3133,19,man_lgt,MWTEMPN
135,311119,OTHER ANIMAL FOOD MANUFACTURING,man_lgt,3133,19,man_lgt,MWTEMPN
136,311211,FLOUR MILLING,man_lgt,3133,19,man_lgt,MWTEMPN
137,311212,RICE MILLING,man_lgt,3133,19,man_lgt,MWTEMPN
138,311213,MALT MANUFACTURING,man_lgt,3133,19,man_lgt,MWTEMPN
139,311221,WET CORN MILLING,man_lgt,3133,19,man_lgt,MWTEMPN
140,311224,SOYBEAN AND OTHER OILSEED PROCESSING,man_lgt,3133,19,man_lgt,MWTEMPN
141,311225,FATS AND OILS REFINING AND BLENDING,man_lgt,3133,19,man_lgt,MWTEMPN
142,311230,BREAKFAST CEREAL MANUFACTURING,man_lgt,3133,19,man_lgt,MWTEMPN
143,311313,BEET SUGAR MANUFACTURING,man_lgt,3133,19,man_lgt,MWTEMPN
144,311314,CANE SUGAR MANUFACTURING,man_lgt,3133,19,man_lgt,MWTEMPN
145,311340,NONCHOCOLATE CONFECTIONERY MANUFACTURING,man_lgt,3133,19,man_lgt,MWTEMPN
146,311351,CHOCOLATE AND CONFECTIONERY MANUFACTURING FROM CACAO BEANS,man_lgt,3133,19,man_lgt,MWTEMPN
147,311352,CONFECTIONERY MANUFACTURING FROM PURCHASED CHOCOLATE,man_lgt,3133,19,man_lgt,MWTEMPN
148,311411,"FROZEN FRUIT, JUICE, AND VEGETABLE PROCESSING",man_lgt,3133,19,man_lgt,MWTEMPN
149,311412,FROZEN SPECIALTY FOOD MANUFACTURING,man_lgt,3133,19,man_lgt,MWTEMPN
150,311421,FRUIT AND VEGETABLE CANNING,man_lgt,3133,19,man_lgt,MWTEMPN
151,311422,SPECIALTY CANNING,man_lgt,3133,19,man_lgt,MWTEMPN
152,311423,DRIED AND DEHYDRATED FOOD MANUFACTURING,man_lgt,3133,19,man_lgt,MWTEMPN
153,311511,FLUID MILK MANUFACTURING,man_lgt,3133,19,man_lgt,MWTEMPN
154,311512,CREAMERY BUTTER MANUFACTURING,man_lgt,3133,19,man_lgt,MWTEMPN
155,311513,CHEESE MANUFACTURING,man_lgt,3133,19,man_lgt,MWTEMPN
156,311514,"DRY, CONDENSED, AND EVAPORATED DAIRY PRODUCT MANUFACTURING",man_lgt,3133,19,man_lgt,MWTEMPN
157,311520,ICE CREAM AND FROZEN DESSERT MANUFACTURING,man_lgt,3133,19,man_lgt,MWTEMPN
158,311611,ANIMAL (EXCEPT POULTRY) SLAUGHTERING,man_lgt,3133,19,man_lgt,MWTEMPN
159,311612,MEAT PROCESSED FROM CARCASSES,man_lgt,3133,19,man_lgt,MWTEMPN
160,311613,RENDERING AND MEAT BYPRODUCT PROCESSING,man_lgt,3133,19,man_lgt,MWTEMPN
161,311615,POULTRY PROCESSING,man_lgt,3133,19,man_lgt,MWTEMPN
162,311710,SEAFOOD PRODUCT PREPARATION AND PACKAGING,man_lgt,3133,19,man_lgt,MWTEMPN
163,311811,RETAIL BAKERIES,man_lgt,3133,19,man_lgt,MWTEMPN
164,311812,COMMERCIAL BAKERIES,man_lgt,3133,19,man_lgt,MWTEMPN
165,311813,FROZEN BAKERY PRODUCT MANUFACTURING,man_lgt,3133,19,man_lgt,MWTEMPN
166,311821,COOKIE AND CRACKER MANUFACTURING,man_lgt,3133,19,man_lgt,MWTEMPN
167,311824,"DRY PASTA, DOUGH, AND FLOUR MIXES MANUFACTURING FROM PURCHASED FLOUR",man_lgt,3133,19,man_lgt,MWTEMPN
168,311830,TORTILLA MANUFACTURING,man_lgt,3133,19,man_lgt,MWTEMPN
169,311911,ROASTED NUTS AND PEANUT BUTTER MANUFACTURING,man_lgt,3133,19,man_lgt,MWTEMPN
170,311919,OTHER SNACK FOOD MANUFACTURING,man_lgt,3133,19,man_lgt,MWTEMPN
171,311920,COFFEE AND TEA MANUFACTURING,man_lgt,3133,19,man_lgt,MWTEMPN
172,311930,FLAVORING SYRUP AND CONCENTRATE MANUFACTURING,man_lgt,3133,19,man_lgt,MWTEMPN
173,311941,"MAYONNAISE, DRESSING, AND OTHER PREPARED SAUCE MANUFACTURING",man_lgt,3133,19,man_lgt,MWTEMPN
174,311942,SPICE AND EXTRACT MANUFACTURING,man_lgt,3133,19,man_lgt,MWTEMPN
175,311991,PERISHABLE PREPARED FOOD MANUFACTURING,man_lgt,3133,19,man_lgt,MWTEMPN
176,311999,ALL OTHER MISCELLANEOUS FOOD MANUFACTURING,man_lgt,3133,19,man_lgt,MWTEMPN
177,312111,SOFT DRINK MANUFACTURING,man_lgt,3133,20,man_lgt,MWTEMPN
178,312112,BOTTLED WATER MANUFACTURING,man_lgt,3133,20,man_lgt,MWTEMPN
179,312113,ICE MANUFACTURING,man_lgt,3133,20,man_lgt,MWTEMPN
180,312120,BREWERIES,man_lgt,3133,20,man_lgt,MWTEMPN
181,312130,WINERIES,man_lgt,3133,20,man_lgt,MWTEMPN
182,312140,DISTILLERIES,man_lgt,3133,20,man_lgt,MWTEMPN
183,312230,TOBACCO MANUFACTURING,man_lgt,3133,20,man_lgt,MWTEMPN
184,313110,"FIBER, YARN, AND THREAD MILLS",man_lgt,3133,21,man_lgt,MWTEMPN
185,313210,BROADWOVEN FABRIC MILLS,man_lgt,3133,21,man_lgt,MWTEMPN
186,313220,NARROW FABRIC MILLS AND SCHIFFLI MACHINE EMBROIDERY,man_lgt,3133,21,man_lgt,MWTEMPN
187,313230,NONWOVEN FABRIC MILLS,man_lgt,3133,21,man_lgt,MWTEMPN
188,313240,KNIT FABRIC MILLS,man_lgt,3133,21,man_lgt,MWTEMPN
189,313310,TEXTILE AND FABRIC FINISHING MILLS,man_lgt,3133,21,man_lgt,MWTEMPN
190,313320,FABRIC COATING MILLS,man_lgt,3133,21,man_lgt,MWTEMPN
191,314110,CARPET AND RUG MILLS,man_lgt,3133,22,man_lgt,MWTEMPN
192,314120,CURTAIN AND LINEN MILLS,man_lgt,3133,22,man_lgt,MWTEMPN
193,314910,TEXTILE BAG AND CANVAS MILLS,man_lgt,3133,22,man_lgt,MWTEMPN
194,314994,"ROPE, CORDAGE, TWINE, TIRE CORD, AND TIRE FABRIC MILLS",man_lgt,3133,22,man_lgt,MWTEMPN
195,314999,ALL OTHER MISCELLANEOUS TEXTILE PRODUCT MILLS,man_lgt,3133,22,man_lgt,MWTEMPN
196,315110,HOSIERY AND SOCK MILLS,man_lgt,3133,23,man_lgt,MWTEMPN
197,315190,OTHER APPAREL KNITTING MILLS,man_lgt,3133,23,man_lgt,MWTEMPN
198,315210,CUT AND SEW APPAREL CONTRACTORS,man_lgt,3133,23,man_lgt,MWTEMPN
199,315220,MEN'S AND BOYS' CUT AND SEW APPAREL MANUFACTURING,man_lgt,3133,23,man_lgt,MWTEMPN
200,315240,"WOMEN'S, GIRLS', AND INFANTS' CUT AND SEW APPAREL MANUFACTURING",man_lgt,3133,23,man_lgt,MWTEMPN
201,315280,OTHER CUT AND SEW APPAREL MANUFACTURING,man_lgt,3133,23,man_lgt,MWTEMPN
202,315990,APPAREL ACCESSORIES AND OTHER APPAREL MANUFACTURING,man_lgt,3133,23,man_lgt,MWTEMPN
203,316110,LEATHER AND HIDE TANNING AND FINISHING,man_lgt,3133,24,man_lgt,MWTEMPN
204,316210,FOOTWEAR MANUFACTURING,man_lgt,3133,24,man_lgt,MWTEMPN
205,316992,WOMEN'S HANDBAG AND PURSE MANUFACTURING,man_lgt,3133,24,man_lgt,MWTEMPN
206,316998,ALL OTHER LEATHER GOOD AND ALLIED PRODUCT MANUFACTURING,man_lgt,3133,24,man_lgt,MWTEMPN
207,321113,SAWMILLS,man_lgt,3133,8,man_hvy,MWTEMPN
208,321114,WOOD PRESERVATION,man_lgt,3133,8,man_hvy,MWTEMPN
209,321211,HARDWOOD VENEER AND PLYWOOD MANUFACTURING,man_lgt,3133,8,man_hvy,MWTEMPN
210,321212,SOFTWOOD VENEER AND PLYWOOD MANUFACTURING,man_lgt,3133,8,man_hvy,MWTEMPN
211,321213,ENGINEERED WOOD MEMBER (EXCEPT TRUSS) MANUFACTURING,man_lgt,3133,8,man_hvy,MWTEMPN
212,321214,TRUSS MANUFACTURING,man_lgt,3133,8,man_hvy,MWTEMPN
213,321219,RECONSTITUTED WOOD PRODUCT MANUFACTURING,man_lgt,3133,8,man_hvy,MWTEMPN
214,321911,WOOD WINDOW AND DOOR MANUFACTURING,man_lgt,3133,8,man_hvy,MWTEMPN
215,321912,"CUT STOCK, RESAWING LUMBER, AND PLANING",man_lgt,3133,8,man_hvy,MWTEMPN
216,321918,OTHER MILLWORK (INCLUDING FLOORING),man_lgt,3133,8,man_hvy,MWTEMPN
217,321920,WOOD CONTAINER AND PALLET MANUFACTURING,man_lgt,3133,8,man_hvy,MWTEMPN
218,321991,MANUFACTURED HOME (MOBILE HOME)  MANUFACTURING,man_lgt,3133,8,man_hvy,MWTEMPN
219,321992,PREFABRICATED WOOD BUILDING MANUFACTURING,man_lgt,3133,8,man_hvy,MWTEMPN
220,321999,ALL OTHER MISCELLANEOUS WOOD PRODUCT MANUFACTURING,man_lgt,3133,8,man_hvy,MWTEMPN
221,322110,PULP MILLS,man_hvy,3133,25,man_hvy,MWTEMPN
222,322121,PAPER (EXCEPT NEWSPRINT) MILLS,man_hvy,3133,25,man_hvy,MWTEMPN
223,322122,NEWSPRINT MILLS,man_hvy,3133,25,man_hvy,MWTEMPN
224,322130,PAPERBOARD MILLS,man_hvy,3133,25,man_hvy,MWTEMPN
225,322211,CORRUGATED AND SOLID FIBER BOX MANUFACTURING,man_lgt,3133,25,man_hvy,MWTEMPN
226,322212,FOLDING PAPERBOARD BOX MANUFACTURING,man_lgt,3133,25,man_hvy,MWTEMPN
227,322219,OTHER PAPERBOARD CONTAINER MANUFACTURING,man_lgt,3133,25,man_hvy,MWTEMPN
228,322220,PAPER BAG AND COATED AND TREATED PAPER MANUFACTURING,man_lgt,3133,25,man_hvy,MWTEMPN
229,322230,STATIONERY PRODUCT MANUFACTURING,man_lgt,3133,25,man_hvy,MWTEMPN
230,322291,SANITARY PAPER PRODUCT MANUFACTURING,man_lgt,3133,25,man_hvy,MWTEMPN
231,322299,ALL OTHER CONVERTED PAPER PRODUCT MANUFACTURING,man_lgt,3133,25,man_hvy,MWTEMPN
232,323111,COMMERCIAL PRINTING (EXCEPT SCREEN AND BOOKS),man_lgt,3133,26,man_hvy,MWTEMPN
233,323113,COMMERCIAL SCREEN PRINTING,man_lgt,3133,26,man_hvy,MWTEMPN
234,323117,BOOK PRINTING,man_lgt,3133,26,man_hvy,MWTEMPN
235,323120,SUPPORT ACTIVITIES FOR PRINTING,man_lgt,3133,26,man_hvy,MWTEMPN
236,324110,PETROLEUM REFINERIES,man_lgt,3133,27,man_hvy,MWTEMPN
237,324121,ASPHALT PAVING MIXTURE AND BLOCK MANUFACTURING,man_lgt,3133,27,man_hvy,MWTEMPN
238,324122,ASPHALT SHINGLE AND COATING MATERIALS MANUFACTURING,man_lgt,3133,27,man_hvy,MWTEMPN
239,324191,PETROLEUM LUBRICATING OIL AND GREASE MANUFACTURING,man_lgt,3133,27,man_hvy,MWTEMPN
240,324199,ALL OTHER PETROLEUM AND COAL PRODUCTS MANUFACTURING,man_lgt,3133,27,man_hvy,MWTEMPN
241,325110,PETROCHEMICAL MANUFACTURING,man_lgt,3133,28,man_hvy,MWTEMPN
242,325120,INDUSTRIAL GAS MANUFACTURING,man_lgt,3133,28,man_hvy,MWTEMPN
243,325130,SYNTHETIC DYE AND PIGMENT MANUFACTURING,man_lgt,3133,28,man_hvy,MWTEMPN
244,325180,ALL OTHER BASIC INORGANIC CHEMICAL MANUFACTURING,man_lgt,3133,28,man_hvy,MWTEMPN
245,325193,ETHYL ALCOHOL MANUFACTURING,man_lgt,3133,28,man_hvy,MWTEMPN
246,325194,"CYCLIC CRUDE, INTERMEDIATE, AND GUM AND WOOD CHEMICAL MANUFACTURING",man_lgt,3133,28,man_hvy,MWTEMPN
247,325199,ALL OTHER BASIC ORGANIC CHEMICAL MANUFACTURING,man_lgt,3133,28,man_hvy,MWTEMPN
248,325211,PLASTICS MATERIAL AND RESIN MANUFACTURING,man_lgt,3133,28,man_hvy,MWTEMPN
249,325212,SYNTHETIC RUBBER MANUFACTURING,man_lgt,3133,28,man_hvy,MWTEMPN
250,325220,ARTIFICIAL AND SYNTHETIC FIBERS AND FILAMENTS MANUFACTURING,man_lgt,3133,28,man_hvy,MWTEMPN
251,325311,NITROGENOUS FERTILIZER MANUFACTURING,man_lgt,3133,28,man_hvy,MWTEMPN
252,325312,PHOSPHATIC FERTILIZER MANUFACTURING,man_lgt,3133,28,man_hvy,MWTEMPN
253,325314,FERTILIZER (MIXING ONLY) MANUFACTURING,man_lgt,3133,28,man_hvy,MWTEMPN
254,325320,PESTICIDE AND OTHER AGRICULTURAL CHEMICAL MANUFACTURING,man_lgt,3133,28,man_hvy,MWTEMPN
255,325411,MEDICINAL AND BOTANICAL MANUFACTURING,man_bio,3133,28,man_tech,MWTEMPN
256,325412,PHARMACEUTICAL PREPARATION MANUFACTURING,man_bio,3133,28,man_tech,MWTEMPN
257,325413,IN-VITRO DIAGNOSTIC SUBSTANCE MANUFACTURING,man_bio,3133,28,man_tech,MWTEMPN
258,325414,BIOLOGICAL PRODUCT (EXCEPT DIAGNOSTIC) MANUFACTURING,man_bio,3133,28,man_tech,MWTEMPN
259,325510,PAINT AND COATING MANUFACTURING,man_lgt,3133,28,man_hvy,MWTEMPN
260,325520,ADHESIVE MANUFACTURING,man_lgt,3133,28,man_hvy,MWTEMPN
261,325611,SOAP AND OTHER DETERGENT MANUFACTURING,man_lgt,3133,28,man_hvy,MWTEMPN
262,325612,POLISH AND OTHER SANITATION GOOD MANUFACTURING,man_lgt,3133,28,man_hvy,MWTEMPN
263,325613,SURFACE ACTIVE AGENT MANUFACTURING,man_lgt,3133,28,man_hvy,MWTEMPN
264,325620,TOILET PREPARATION MANUFACTURING,man_lgt,3133,28,man_hvy,MWTEMPN
265,325910,PRINTING INK MANUFACTURING,man_lgt,3133,28,man_hvy,MWTEMPN
266,325920,EXPLOSIVES MANUFACTURING,man_lgt,3133,28,man_hvy,MWTEMPN
267,325991,CUSTOM COMPOUNDING OF PURCHASED RESIN,man_lgt,3133,28,man_hvy,MWTEMPN
268,325992,"PHOTOGRAPHIC FILM, PAPER, PLATE AND CHEMICAL MANUFACTURING",man_lgt,3133,28,man_hvy,MWTEMPN
269,325998,ALL OTHER MISCELLANEOUS CHEMICAL PRODUCT AND PREPARATION MANUFACTURING,man_lgt,3133,28,man_hvy,MWTEMPN
270,326111,UNSUPPORTED PLASTICS BAG MANUFACTURING,man_lgt,3133,29,man_hvy,MWTEMPN
271,326112,UNSUPPORTED PLASTICS PACKAGING FILM AND SHEET MANUFACTURING,man_lgt,3133,29,man_hvy,MWTEMPN
272,326113,UNSUPPORTED PLASTICS FILM AND SHEET (EXCEPT PACKAGING) MANUFACTURING,man_lgt,3133,29,man_hvy,MWTEMPN
273,326121,UNSUPPORTED PLASTICS PROFILE SHAPE MANUFACTURING,man_lgt,3133,29,man_hvy,MWTEMPN
274,326122,PLASTICS PIPE AND  PIPE FITTING MANUFACTURING,man_lgt,3133,29,man_hvy,MWTEMPN
275,326130,"LAMINATED PLASTICS PLATE, SHEET, AND SHAPE MANUFACTURING",man_lgt,3133,29,man_hvy,MWTEMPN
276,326140,POLYSTYRENE FOAM PRODUCT MANUFACTURING,man_lgt,3133,29,man_hvy,MWTEMPN
277,326150,URETHANE AND OTHER FOAM PRODUCT (EXCEPT POLYSTYRENE) MANUFACTURING,man_lgt,3133,29,man_hvy,MWTEMPN
278,326160,PLASTICS BOTTLE MANUFACTURING,man_lgt,3133,29,man_hvy,MWTEMPN
279,326191,PLASTICS PLUMBING FIXTURES MANUFACTURING,man_lgt,3133,29,man_hvy,MWTEMPN
280,326199,ALL OTHER PLASTICS PRODUCT MANUFACTURING,man_lgt,3133,29,man_hvy,MWTEMPN
281,326211,TIRE MANUFACTURING (EXCEPT RETREADING),man_lgt,3133,29,man_hvy,MWTEMPN
282,326212,TIRE RETREADING,man_lgt,3133,29,man_hvy,MWTEMPN
283,326220,RUBBER AND PLASTICS HOSES AND BELTING MANUFACTURING,man_lgt,3133,29,man_hvy,MWTEMPN
284,326291,RUBBER PRODUCT MANUFACTURING FOR MECHANICAL USE,man_lgt,3133,29,man_hvy,MWTEMPN
285,326299,ALL OTHER RUBBER PRODUCT MANUFACTURING,man_lgt,3133,29,man_hvy,MWTEMPN
286,327110,"POTTERY, CERAMICS, AND PLUMBING FIXTURE MANUFACTURING",man_lgt,3133,9,man_hvy,MWTEMPN
287,327120,CLAY BUILDING MATERIAL AND REFRACTORIES MANUFACTURING,man_lgt,3133,9,man_hvy,MWTEMPN
288,327211,FLAT GLASS MANUFACTURING,man_lgt,3133,9,man_hvy,MWTEMPN
289,327212,OTHER PRESSED AND BLOWN GLASS AND GLASSWARE MANUFACTURING,man_lgt,3133,9,man_hvy,MWTEMPN
290,327213,GLASS CONTAINER MANUFACTURING,man_lgt,3133,9,man_hvy,MWTEMPN
291,327215,GLASS PRODUCT MANUFACTURING MADE OF PURCHASED GLASS,man_lgt,3133,9,man_hvy,MWTEMPN
292,327310,CEMENT MANUFACTURING,man_lgt,3133,9,man_hvy,MWTEMPN
293,327320,READY-MIX CONCRETE MANUFACTURING,man_lgt,3133,9,man_hvy,MWTEMPN
294,327331,CONCRETE BLOCK AND BRICK MANUFACTURING,man_lgt,3133,9,man_hvy,MWTEMPN
295,327332,CONCRETE PIPE MANUFACTURING,man_lgt,3133,9,man_hvy,MWTEMPN
296,327390,OTHER CONCRETE PRODUCT MANUFACTURING,man_lgt,3133,9,man_hvy,MWTEMPN
297,327410,LIME MANUFACTURING,man_lgt,3133,9,man_hvy,MWTEMPN
298,327420,GYPSUM AND GYPSUM PRODUCT MANUFACTURING,man_lgt,3133,9,man_hvy,MWTEMPN
299,327910,ABRASIVE PRODUCT MANUFACTURING,man_lgt,3133,9,man_hvy,MWTEMPN
300,327991,CUT STONE AND STONE PRODUCT MANUFACTURING,man_lgt,3133,9,man_hvy,MWTEMPN
301,327992,GROUND OR TREATED MINERAL AND EARTH MANUFACTURING,man_lgt,3133,9,man_hvy,MWTEMPN
302,327993,MINERAL WOOL MANUFACTURING,man_lgt,3133,9,man_hvy,MWTEMPN
303,327999,ALL OTHER MISCELLANEOUS NONMETALLIC MINERAL PRODUCT MANUFACTURING,man_lgt,3133,9,man_hvy,MWTEMPN
304,331110,IRON AND STEEL MILLS AND FERROALLY MANUFACTURING,man_hvy,3133,10,man_hvy,MWTEMPN
305,331210,IRON AND STEEL PIPES AND TUBES MANUFACTURING FROM PURCHASED STEEL,man_hvy,3133,10,man_hvy,MWTEMPN
306,331221,ROLLED STEEL SHAPE MANUFACTURING,man_hvy,3133,10,man_hvy,MWTEMPN
307,331222,STEEL WIRE DRAWING,man_hvy,3133,10,man_hvy,MWTEMPN
308,331313,ALUMINUM PRODUCTION AND MANUFACTURING ALUMINUM ALLOY,man_hvy,3133,10,man_hvy,MWTEMPN
309,331314,SECONDARY SMELTING AND ALLOYING OF ALUMINUM,man_hvy,3133,10,man_hvy,MWTEMPN
310,331315,"ALUMINUM SHEET, PLATE, AND FOIL MANUFACTURING",man_hvy,3133,10,man_hvy,MWTEMPN
311,331318,"OTHER ALUMINUM ROLLING, DRAWING, AND EXTRUDING",man_hvy,3133,10,man_hvy,MWTEMPN
312,331410,NONFERROUS METAL (EXCEPT ALUMINUM) SMELTING AND REFINING,man_hvy,3133,10,man_hvy,MWTEMPN
313,331420,"COPPER ROLLING, DRAWING, EXTRUDING, AND ALLOYING",man_hvy,3133,10,man_hvy,MWTEMPN
314,331491,"NONFERROUS METAL (EXCEPT COPPER AND ALUMINUM) ROLLING. DRAWING, AND EXTRUDING",man_hvy,3133,10,man_hvy,MWTEMPN
315,331492,"SECONDARY SMELTING, REFINING, AND ALLOYING OF NONFERROUS METALS (EXCEPT COPPER AND ALUMINUM)",man_hvy,3133,10,man_hvy,MWTEMPN
316,331511,IRON FOUNDRIES,man_hvy,3133,10,man_hvy,MWTEMPN
317,331512,STEEL INVESTMENT FOUNDRIES,man_hvy,3133,10,man_hvy,MWTEMPN
318,331513,STEEL FOUNDRIES (EXCEPT INVESTMENT),man_hvy,3133,10,man_hvy,MWTEMPN
319,331523,NONFERROUS METAL DIE-CASTING FOUNDRIES,man_hvy,3133,10,man_hvy,MWTEMPN
320,331524,ALUMINUM FOUNDRIES (EXCEPT DIE-CASTING),man_hvy,3133,10,man_hvy,MWTEMPN
321,331529,OTHER NONFERROUS METAL FOUNDRIES (EXCEPT DIE-CASTING),man_hvy,3133,10,man_hvy,MWTEMPN
322,332111,IRON AND STEEL FORGING,man_lgt,3133,11,man_hvy,MWTEMPN
323,332112,NONFERROUS FORGING,man_lgt,3133,11,man_hvy,MWTEMPN
324,332114,CUSTOM ROLL FORMING,man_lgt,3133,11,man_hvy,MWTEMPN
325,332117,POWDER METALLURGY PART MANUFACTURING,man_lgt,3133,11,man_hvy,MWTEMPN
326,332119,"METAL CROWN, CLOSURE, AND OTHER METAL STAMPING (EXCEPT AUTOMOTIVE)",man_lgt,3133,11,man_hvy,MWTEMPN
327,332215,"METAL KITCHEN COOKWARE, UTENSIL, CUTLERY, AND FLATWARE (EXCEPT PRECIOUS) MANUFACTURING",man_lgt,3133,11,man_hvy,MWTEMPN
328,332216,SAW BLADE AND HANDTOOL MANUFACTURING,man_lgt,3133,11,man_hvy,MWTEMPN
329,332311,PREFABRICATED METAL BUILDING AND COMPONENT MANUFACTURING,man_lgt,3133,11,man_hvy,MWTEMPN
330,332312,FABRICATED STRUCTURAL METAL MANUFACTURING,man_lgt,3133,11,man_hvy,MWTEMPN
331,332313,PLATE WORK MANUFACTURING,man_lgt,3133,11,man_hvy,MWTEMPN
332,332321,METAL WINDOW AND DOOR MANUFACTURING,man_lgt,3133,11,man_hvy,MWTEMPN
333,332322,SHEET METAL WORK MANUFACTURING,man_lgt,3133,11,man_hvy,MWTEMPN
334,332323,ORNAMENTAL AND ARCHITECTURAL METAL WORK MANUFACTURING,man_lgt,3133,11,man_hvy,MWTEMPN
335,332410,POWER BOILER AND HEAT EXCHANGER MANUFACTURING,man_lgt,3133,11,man_hvy,MWTEMPN
336,332420,METAL TANK (HEAVY GAUGE) MANUFACTURING,man_lgt,3133,11,man_hvy,MWTEMPN
337,332431,METAL CAN MANUFACTURING,man_lgt,3133,11,man_hvy,MWTEMPN
338,332439,OTHER METAL CONTAINER MANUFACTURING,man_lgt,3133,11,man_hvy,MWTEMPN
339,332510,HARDWARE MANUFACTURING,man_lgt,3133,11,man_hvy,MWTEMPN
340,332613,SPRING MANUFACTURING,man_lgt,3133,11,man_hvy,MWTEMPN
341,332618,OTHER FABRICATED WIRE PRODUCT MANUFACTURING,man_lgt,3133,11,man_hvy,MWTEMPN
342,332710,MACHINE SHOPS,man_lgt,3133,11,man_hvy,MWTEMPN
343,332721,PRECISION TURNED PRODUCT MANUFACTURING,man_lgt,3133,11,man_hvy,MWTEMPN
344,332722,"BOLT, NUT, SCREW, RIVET, AND WASHER MANUFACTURING",man_lgt,3133,11,man_hvy,MWTEMPN
345,332811,METAL HEAT TREATING,man_lgt,3133,11,man_hvy,MWTEMPN
346,332812,"METAL COATING, ENGRAVING (EXCEPT JEWELRY AND SILVERWARE), AND ALLIED SERVICES TO MANUFACTURERS",man_lgt,3133,11,man_hvy,MWTEMPN
347,332813,"ELECTROPLATING, PLATING, POLISHING, ANODIZING, AND COLORING",man_lgt,3133,11,man_tech,MWTEMPN
348,332911,INDUSTRIAL VALVE MANUFACTURING,man_hvy,3133,11,man_hvy,MWTEMPN
349,332912,FLUID POWER VALVE AND HOSE FITTING MANUFACTURING,man_hvy,3133,11,man_hvy,MWTEMPN
350,332913,PLUMBING FIXTURE FITTING AND TRIM MANUFACTURING,man_hvy,3133,11,man_hvy,MWTEMPN
351,332919,OTHER METAL VALVE AND PIPE FITTING MANUFACTURING,man_hvy,3133,11,man_hvy,MWTEMPN
352,332991,BALL AND ROLLER BEARING MANUFACTURING,man_hvy,3133,11,man_hvy,MWTEMPN
353,332992,SMALL ARMS AMMUNITION MANUFACTURING,man_hvy,3133,11,man_hvy,MWTEMPN
354,332993,AMMUNITION (EXCEPT SMALL ARMS) MANUFACTURING,man_hvy,3133,11,man_hvy,MWTEMPN
355,332994,"SMALL ARMS, ORDNANCE, AND ORDNANCE ACCESSORIES MANUFACTURING",man_hvy,3133,11,man_hvy,MWTEMPN
356,332996,FABRICATED PIPE AND PIPE FITTING MANUFACTURING,man_hvy,3133,11,man_hvy,MWTEMPN
357,332999,ALL OTHER MISCELLANEOUS FABRICATED METAL PRODUCT MANUFACTURING,man_hvy,3133,11,man_hvy,MWTEMPN
358,333111,FARM MACHINERY AND EQUIPMENT MANUFACTURING,man_hvy,3133,12,man_hvy,MWTEMPN
359,333112,LAWN AND GARDEN TRACTOR AND HOME LAWN AND GARDEN EQUIPMENT MANUFACTURING,man_hvy,3133,12,man_hvy,MWTEMPN
360,333120,CONSTRUCTION MACHINERY MANUFACTURING,man_hvy,3133,12,man_hvy,MWTEMPN
361,333131,MINING MACHINERY AND EQUIPMENT MANUFACTURING,man_hvy,3133,12,man_hvy,MWTEMPN
362,333132,OIL AND GAS FIELD MACHINERY AND EQUIPMENT MANUFACTURING,man_hvy,3133,12,man_hvy,MWTEMPN
363,333241,FOOD PRODUCT MACHINERY MANUFACTURING,man_hvy,3133,12,man_hvy,MWTEMPN
364,333242,SEMICONDUCTOR MANUFACTURING MACHINERY,man_hvy,3133,12,man_tech,MWTEMPN
365,333243,"SAWMILL, WOODWORKING, AND PAPER MACHINERY MANUFACTURING",man_hvy,3133,12,man_hvy,MWTEMPN
366,333244,PRINTING MACHINERY AND EQUIPMENT MANUFACTURING,man_hvy,3133,12,man_hvy,MWTEMPN
367,333249,OTHER INDUSTRIAL MACHINERY MANUFACTURING,man_hvy,3133,12,man_hvy,MWTEMPN
368,333314,OPTICAL INSTRUMENT AND LENS MANUFACTURING,man_hvy,3133,12,man_tech,MWTEMPN
369,333316,PHOTOGRAPHIC AND PHOTOCOPYING EQUIPMENT MANUFACTURING,man_hvy,3133,12,man_hvy,MWTEMPN
370,333318,OTHER COMMERCIAL AND SERVICE INDUSTRY MACHINERY MANUFACTURING,man_hvy,3133,12,man_hvy,MWTEMPN
371,333413,INDUSTRIAL AND COMMERCIAL FAN AND BLOWER AND AIR PURIFICATION EQUIPMENT MANUFACTURING,man_hvy,3133,12,man_hvy,MWTEMPN
372,333414,"HEATING EQUIPMENT MANUFACTURING, (EXCEPT ELECTRIC AND WARM AIR  FURNACES)",man_hvy,3133,12,man_hvy,MWTEMPN
373,333415,AIR-CONDITIONING AND WARM AIR HEATING EQUIPMENT AND COMMERCIAL AND INDUSTRIAL REFRIGERATION EQUIPMENT MANUFACTURING,man_hvy,3133,12,man_hvy,MWTEMPN
374,333511,INDUSTRIAL MOLD MANUFACTURING,man_hvy,3133,12,man_hvy,MWTEMPN
375,333514,"SPECIAL DIE AND TOOL, DIE SET, JIG, AND FIXTURE MANUFACTURING",man_hvy,3133,12,man_hvy,MWTEMPN
376,333515,CUTTING TOOL AND  MACHINE TOOL ACCESSORY MANUFACTURING,man_hvy,3133,12,man_hvy,MWTEMPN
377,333517,MACHINE TOOL MANUFACTURING,man_hvy,3133,12,man_hvy,MWTEMPN
378,333519,ROLLING MILL AND OTHER METALWORKING MACHINERY MANUFACTURING,man_hvy,3133,12,man_hvy,MWTEMPN
379,333611,TURBINE AND TURBINE GENERATOR SET UNIT MANUFACTURING,man_hvy,3133,12,man_hvy,MWTEMPN
380,333612,"SPEED CHANGER, INDUSTRIAL HIGH-SPEED DRIVE, AND GEAR MANUFACTURING",man_hvy,3133,12,man_hvy,MWTEMPN
381,333613,MECHANICAL POWER TRANSMISSION EQUIPMENT MANUFACTURING,man_hvy,3133,12,man_hvy,MWTEMPN
382,333618,OTHER ENGINE EQUIPMENT MANUFACTURING,man_hvy,3133,12,man_hvy,MWTEMPN
383,333911,PUMP AND PUMPING EQUIPMENT MANUFACTURING,man_hvy,3133,12,man_hvy,MWTEMPN
384,333912,AIR AND GAS COMPRESSOR MANUFACTURING,man_hvy,3133,12,man_hvy,MWTEMPN
385,333913,MEASURING AND DISPENSING PUMP MANUFACTURING,man_hvy,3133,12,man_hvy,MWTEMPN
386,333921,ELEVATOR AND MOVING STAIRWAY MANUFACTURING,man_hvy,3133,12,man_hvy,MWTEMPN
387,333922,CONVEYOR AND CONVEYING EQUIPMENT MANUFACTURING,man_hvy,3133,12,man_hvy,MWTEMPN
388,333923,"OVERHEAD TRAVELING CRANE, HOIST, AND MONORAIL SYSTEM MANUFACTURING",man_hvy,3133,12,man_hvy,MWTEMPN
389,333924,"INDUSTRIAL TRUCK, TRACTOR, TRAILER, AND STACKER MACHINERY MANUFACTURING",man_hvy,3133,12,man_hvy,MWTEMPN
390,333991,POWER-DRIVEN HAND TOOL MANUFACTURING,man_hvy,3133,12,man_hvy,MWTEMPN
391,333992,WELDING AND SOLDERING EQUIPMENT MANUFACTURING,man_hvy,3133,12,man_hvy,MWTEMPN
392,333993,PACKAGING MACHINERY MANUFACTURING,man_hvy,3133,12,man_hvy,MWTEMPN
393,333994,INDUSTRIAL PROCESS FURNACE AND OVEN MANUFACTURING,man_hvy,3133,12,man_hvy,MWTEMPN
394,333995,FLUID POWER CYLINDER AND ACTUATOR MANUFACTURING,man_hvy,3133,12,man_hvy,MWTEMPN
395,333996,FLUID POWER PUMP AND MOTOR MANUFACTURING,man_hvy,3133,12,man_hvy,MWTEMPN
396,333997,SCALE AND BALANCE MANUFACTURING,man_hvy,3133,12,man_hvy,MWTEMPN
397,333999,ALL OTHER GENERAL PURPOSE MACHINERY MANUFACTURING,man_hvy,3133,12,man_hvy,MWTEMPN
398,334111,ELECTRONIC COMPUTER MANUFACTURING,man_tech,3133,13,man_tech,MWTEMPN
399,334112,COMPUTER STORAGE DEVICE MANUFACTURING,man_tech,3133,13,man_tech,MWTEMPN
400,334118,COMPUTER TERMINAL AND OTHER COMPUTER PERIPHERAL EQUIPMENT MANUFACTURING,man_tech,3133,13,man_tech,MWTEMPN
401,334210,TELEPHONE APPARATUS MANUFACTURING,man_tech,3133,13,man_tech,MWTEMPN
402,334220,RADIO AND TELEVISION BROADCASTING AND WIRELESS COMMUNICATIONS EQUIPMENT MANUFACTURING,man_tech,3133,13,man_tech,MWTEMPN
403,334290,OTHER COMMUNICATIONS EQUIPMENT MANUFACTURING,man_tech,3133,13,man_tech,MWTEMPN
404,334310,AUDIO AND VIDEO EQUIPMENT MANUFACTURING,man_tech,3133,13,man_tech,MWTEMPN
405,334412,PRINTED CIRCUIT BOARD MANUFACTURING,man_tech,3133,13,man_tech,MWTEMPN
406,334413,PHOTOVOLTAIC CELLS MANUFACTURING,man_tech,3133,13,man_tech,MWTEMPN
407,334416,"CAPACITOR, RESISTOR, COIL, TRANSFORMER, AND OTHER INDUCTOR MANUFACTURING",man_tech,3133,13,man_tech,MWTEMPN
408,334417,ELECTRONIC CONNECTOR MANUFACTURING,man_tech,3133,13,man_tech,MWTEMPN
409,334418,PRINTED CIRCUIT ASSEMBLY (ELECTRONIC ASSEMBLY) MANUFACTURING,man_tech,3133,13,man_tech,MWTEMPN
410,334419,OTHER ELECTRONIC COMPONENT MANUFACTURING,man_tech,3133,13,man_tech,MWTEMPN
411,334510,ELECTROMEDICAL AND ELECTROTHERAPEUTIC APPARATUS MANUFACTURING,man_tech,3133,13,man_tech,MWTEMPN
412,334511,"SEARCH, DETECTION, NAVIGATION, GUIDANCE, AERONAUTICAL, AND NAUTICAL SYSTEM AND INSTRUMENT MANUFACTURING",man_tech,3133,13,man_tech,MWTEMPN
413,334512,"AUTOMATIC ENVIRONMENTAL CONTROL MANUFACTURING FOR REGULATING RESIDENTIAL, COMMERCIAL, AND APPLIANCE USE",man_tech,3133,13,man_tech,MWTEMPN
414,334513,"INSTRUMENTS AND RELATED PRODUCT MANUFACTURING FOR MEASURING, DISPLAYING, AND CONTROLLING INDUSTRIAL PROCESS VARIABLES",man_tech,3133,13,man_tech,MWTEMPN
415,334514,TOTALIZING FLUID METER AND COUNTING DEVICE MANUFACTURING,man_tech,3133,13,man_tech,MWTEMPN
416,334515,INSTRUMENT MANUFACTURING FOR MEASURING AND TESTING ELECTRICITY AND ELECTRICAL SIGNALS,man_tech,3133,13,man_tech,MWTEMPN
417,334516,ANALYTICAL LABORATORY INSTRUMENT MANUFACTURING,man_tech,3133,13,man_tech,MWTEMPN
418,334517,IRRADIATION APPARATUS MANUFACTURING,man_tech,3133,13,man_tech,MWTEMPN
419,334519,OTHER MEASURING AND CONTROLLING DEVICE MANUFACTURING,man_tech,3133,13,man_tech,MWTEMPN
420,334613,BLANK MAGNETIC AND OPTICAL RECORDING MEDIA MANUFACTURING,man_tech,3133,13,man_tech,MWTEMPN
421,334614,"SOFTWARE AND OTHER PRERECORDED COMPACT DISC, TAPE, AND RECORD REPRODUCING",man_tech,3133,13,man_tech,MWTEMPN
422,335110,ELECTRIC LAMP BULB AND PART MANUFACTURING,man_hvy,3133,14,man_hvy,MWTEMPN
423,335121,RESIDENTIAL ELECTRIC LIGHTING FIXTURE MANUFACTURING,man_hvy,3133,14,man_hvy,MWTEMPN
424,335122,"COMMERCIAL, INDUSTRIAL, AND INSTITUTIONAL ELECTRIC LIGHTING FIXTURE MANUFACTURING",man_hvy,3133,14,man_hvy,MWTEMPN
425,335129,OTHER LIGHTING EQUIPMENT MANUFACTURING,man_hvy,3133,14,man_hvy,MWTEMPN
426,335210,SMALL ELECTRICAL APPLIANCE MANUFACTURING,man_hvy,3133,14,man_hvy,MWTEMPN
427,335221,HOUSEHOLD COOKING APPLIANCE MANUFACTURING,man_hvy,3133,14,man_hvy,MWTEMPN
428,335222,HOUSEHOLD REFRIGERATOR AND HOME FREEZER MANUFACTURING,man_hvy,3133,14,man_hvy,MWTEMPN
429,335224,HOUSEHOLD LAUNDRY EQUIPMENT MANUFACTURING,man_hvy,3133,14,man_hvy,MWTEMPN
430,335228,OTHER MAJOR HOUSEHOLD APPLIANCE MANUFACTURING,man_hvy,3133,14,man_hvy,MWTEMPN
431,335311,"POWER, DISTRIBUTION, AND SPECIALTY TRANSFORMER MANUFACTURING",man_hvy,3133,14,man_hvy,MWTEMPN
432,335312,MOTOR AND GENERATOR MANUFACTURING,man_hvy,3133,14,man_hvy,MWTEMPN
433,335313,SWITCHGEAR AND SWITCHBOARD APPARATUS MANUFACTURING,man_hvy,3133,14,man_hvy,MWTEMPN
434,335314,RELAY AND INDUSTRIAL CONTROL MANUFACTURING,man_hvy,3133,14,man_hvy,MWTEMPN
435,335911,STORAGE BATTERY MANUFACTURING,man_hvy,3133,14,man_hvy,MWTEMPN
436,335912,DRY AND WET PRIMARY BATTERY MANUFACTURING,man_hvy,3133,14,man_hvy,MWTEMPN
437,335921,FIBER OPTIC CABLE MANUFACTURING,man_hvy,3133,14,man_hvy,MWTEMPN
438,335929,OTHER COMMUNICATION AND ENERGY WIRE MANUFACTURING,man_hvy,3133,14,man_hvy,MWTEMPN
439,335931,CURRENT-CARRYING WIRING DEVICE MANUFACTURING,man_hvy,3133,14,man_hvy,MWTEMPN
440,335932,NONCURRENT-CARRYING WIRING DEVICE MANUFACTURING,man_hvy,3133,14,man_hvy,MWTEMPN
441,335991,CARBON AND GRAPHITE PRODUCT MANUFACTURING,man_hvy,3133,14,man_hvy,MWTEMPN
442,335999,ALL OTHER MISCELLANEOUS ELECTRICAL EQUIPMENT AND COMPONENT MANUFACTURING,man_hvy,3133,14,man_hvy,MWTEMPN
443,336111,AUTOMOBILE MANUFACTURING,man_hvy,3133,15,man_hvy,MWTEMPN
444,336112,LIGHT TRUCK AND UTILITY VEHICLE MANUFACTURING,man_hvy,3133,15,man_hvy,MWTEMPN
445,336120,HEAVY DUTY TRUCK MANUFACTURING,man_hvy,3133,15,man_hvy,MWTEMPN
446,336211,MOTOR VEHICLE BODY MANUFACTURING,man_hvy,3133,15,man_hvy,MWTEMPN
447,336212,TRUCK TRAILER MANUFACTURING,man_hvy,3133,15,man_hvy,MWTEMPN
448,336213,MOTOR HOME MANUFACTURING,man_hvy,3133,15,man_hvy,MWTEMPN
449,336214,TRAVEL TRAILER AND CAMPER MANUFACTURING,man_hvy,3133,15,man_hvy,MWTEMPN
450,336310,MOTOR VEHICLE GASOLINE ENGINE AND ENGINE PARTS MANUFACTURING,man_hvy,3133,15,man_hvy,MWTEMPN
451,336320,MOTOR VEHICLE ELECTRICAL AND ELECTRONIC EQUIPMENT MANUFACTURING,man_hvy,3133,15,man_hvy,MWTEMPN
452,336330,MOTOR VEHICLE STEERING AND SUSPENSION COMPONENTS (EXCEPT SPRING) MANUFACTURING,man_hvy,3133,15,man_hvy,MWTEMPN
453,336340,MOTOR VEHICLE BRAKE SYSTEM MANUFACTURING,man_hvy,3133,15,man_hvy,MWTEMPN
454,336350,MOTOR VEHICLE TRANSMISSION AND POWER TRAIN PARTS MANUFACTURING,man_hvy,3133,15,man_hvy,MWTEMPN
455,336360,MOTOR VEHICLE FABRIC ACCESSORIES AND SEAT MANUFACTURING,man_hvy,3133,15,man_hvy,MWTEMPN
456,336370,MOTOR VEHICLE METAL STAMPING,man_hvy,3133,15,man_hvy,MWTEMPN
457,336390,OTHER MOTOR VEHICLE PARTS MANUFACTURING,man_hvy,3133,15,man_hvy,MWTEMPN
458,336411,AIRCRAFT MANUFACTURING,man_hvy,3133,16,man_hvy,MWTEMPN
459,336412,AIRCRAFT ENGINE AND ENGINE PARTS MANUFACTURING,man_hvy,3133,16,man_hvy,MWTEMPN
460,336413,OTHER AIRCRAFT PART AND AUXILIARY EQUIPMENT MANUFACTURING,man_hvy,3133,16,man_hvy,MWTEMPN
461,336414,GUIDED MISSILE AND SPACE VEHICLE MANUFACTURING,man_hvy,3133,16,man_hvy,MWTEMPN
462,336415,GUIDED MISSILE AND SPACE VEHICLE PROPULSION UNIT AND PROPULSION UNIT PARTS MANUFACTURING,man_hvy,3133,16,man_hvy,MWTEMPN
463,336419,OTHER GUIDED MISSILE AND SPACE VEHICLE PARTS AND AUXILIARY EQUIPMENT MANUFACTURING,man_hvy,3133,16,man_hvy,MWTEMPN
464,336510,RAILROAD ROLLING STOCK MANUFACTURING,man_hvy,3133,16,man_hvy,MWTEMPN
465,336611,SHIP BUILDING AND REPAIRING,man_hvy,3133,16,man_hvy,MWTEMPN
466,336612,BOAT BUILDING,man_hvy,3133,16,man_hvy,MWTEMPN
467,336991,"MOTORCYCLE, BICYCLE AND PARTS MANUFACTURING",man_hvy,3133,16,man_hvy,MWTEMPN
468,336992,"MILITARY ARMORED VEHICLE, TANK, AND TANK COMPONENT MANUFACTURING",man_hvy,3133,16,man_hvy,MWTEMPN
469,336999,ALL OTHER TRANSPORTATION EQUIPMENT MANUFACTURING,man_hvy,3133,16,man_hvy,MWTEMPN
470,337110,WOOD KITCHEN CABINET AND COUNTERTOP MANUFACTURING,man_lgt,3133,17,man_lgt,MWTEMPN
471,337121,UPHOLSTERED HOUSEHOLD FURNITURE MANUFACTURING,man_lgt,3133,17,man_lgt,MWTEMPN
472,337122,WOOD HOUSEHOLD FURNITURE (EXCEPT UPHOLSTERED) MANUFACTURING,man_lgt,3133,17,man_lgt,MWTEMPN
473,337124,METAL HOUSEHOLD FURNITURE MANUFACTURING,man_lgt,3133,17,man_lgt,MWTEMPN
474,337125,HOUSEHOLD FURNITURE (EXCEPT WOOD AND METAL) MANUFACTURING,man_lgt,3133,17,man_lgt,MWTEMPN
475,337127,INSTITUTIONAL FURNITURE MANUFACTURING,man_lgt,3133,17,man_lgt,MWTEMPN
476,337211,WOOD OFFICE FURNITURE MANUFACTURING,man_lgt,3133,17,man_lgt,MWTEMPN
477,337212,CUSTOM ARCHITECTURAL WOODWORK AND MILLWORK MANUFACTURING,man_lgt,3133,17,man_lgt,MWTEMPN
478,337214,NONWOOD OFFICE FURNITURE MANUFACTURING,man_lgt,3133,17,man_lgt,MWTEMPN
479,337215,"SHOWCASE, PARTITION, SHELVING, AND LOCKER MANUFACTURING",man_lgt,3133,17,man_lgt,MWTEMPN
480,337910,MATTRESS MANUFACTURING,man_lgt,3133,17,man_lgt,MWTEMPN
481,337920,BLIND AND SHADE MANUFACTURING,man_lgt,3133,17,man_lgt,MWTEMPN
482,339112,SURGICAL AND MEDICAL INSTRUMENT MANUFACTURING,man_lgt,3133,18,man_lgt,MWTEMPN
483,339113,SURGICAL APPLIANCE AND SUPPLIES MANUFACTURING,man_lgt,3133,18,man_lgt,MWTEMPN
484,339114,DENTAL EQUIPMENT AND SUPPLIES MANUFACTURING,man_lgt,3133,18,man_lgt,MWTEMPN
485,339115,OPHTHALMIC GOODS MANUFACTURING,man_lgt,3133,18,man_lgt,MWTEMPN
486,339116,DENTAL LABORATORIES,man_lgt,3133,18,man_lgt,MWTEMPN
487,339910,JEWELRY AND SILVERWARE MANUFACTURING,man_lgt,3133,18,man_lgt,MWTEMPN
488,339920,SPORTING AND ATHLETIC GOOD MANUFACTURING,man_lgt,3133,18,man_lgt,MWTEMPN
489,339930,"DOLL, TOY, AND GAME MANUFACTURING",man_lgt,3133,18,man_lgt,MWTEMPN
490,339940,OFFICE SUPPLIES (EXCEPT PAPER) MANUFACTURING,man_lgt,3133,18,man_lgt,MWTEMPN
491,339950,SIGN MANUFACTURING,man_lgt,3133,18,man_lgt,MWTEMPN
492,339991,"GASKET, PACKING, AND SEALING DEVICE MANUFACTURING",man_lgt,3133,18,man_lgt,MWTEMPN
493,339992,MUSICAL  INSTRUMENT MANUFACTURING,man_lgt,3133,18,man_lgt,MWTEMPN
494,339993,"FASTENER, BUTTON, NEEDLE, AND PIN MANUFACTURING",man_lgt,3133,18,man_lgt,MWTEMPN
495,339994,"BROOM, BRUSH AND MOP MANUFACTURING",man_lgt,3133,18,man_lgt,MWTEMPN
496,339995,BURIAL CASKET MANUFACTURING,man_lgt,3133,18,man_lgt,MWTEMPN
497,339999,ALL OTHER MISCELLANEOUS MANUFACTURING,man_lgt,3133,18,man_lgt,MWTEMPN
498,423110,AUTOMOBILE AND OTHER MOTOR VEHICLE MERCHANT WHOLESALERS,logis,42,30,logis,MWTEMPN
499,423120,MOTOR VEHICLE SUPPLIES AND NEW PARTS MERCHANT WHOLESALERS,logis,42,30,logis,MWTEMPN
500,423130,TIRE AND TUBE MERCHANT WHOLESALERS,logis,42,30,logis,MWTEMPN
501,423140,MOTOR VEHICLE PARTS (USED) MERCHANT WHOLESALERS,logis,42,30,logis,MWTEMPN
502,423210,FURNITURE MERCHANT WHOLESALERS,logis,42,30,logis,MWTEMPN
503,423220,HOME FURNISHING MERCHANT WHOLESALERS,logis,42,30,logis,MWTEMPN
504,423310,"LUMBER, PLYWOOD, MILLWORK, AND WOOD PANEL MERCHANT WHOLESALERS",logis,42,30,logis,MWTEMPN
505,423320,"BRICK, STONE AND RELATED CONSTRUCTION MATERIAL MERCHANT WHOLESALERS",logis,42,30,logis,MWTEMPN
506,423330,"ROOFING, SIDING, AND INSULATION MATERIAL MERCHANT WHOLESALERS",logis,42,30,logis,MWTEMPN
507,423390,OTHER CONSTRUCTION MATERIAL MERCHANT WHOLESALERS,logis,42,30,logis,MWTEMPN
508,423410,PHOTOGRAPHIC EQUIPMENT AND SUPPLIES MERCHANT WHOLESALERS,logis,42,30,logis,MWTEMPN
509,423420,OFFICE EQUIPMENT MERCHANT WHOLESALERS,logis,42,30,logis,MWTEMPN
510,423430,COMPUTER AND COMPUTER PERIPHERAL EQUIPMENT AND SOFTWARE MERCHANT WHOLESALERS,logis,42,30,logis,MWTEMPN
511,423440,OTHER COMMERCIAL EQUIPMENT MERCHANT WHOLESALERS,logis,42,30,logis,MWTEMPN
512,423450,"MEDICAL, DENTAL AND HOSPITAL EQUIPMENT AND SUPPLIES MERCHANT WHOLESALERS",logis,42,30,logis,MWTEMPN
513,423460,OPHTHALMIC GOODS MERCHANT WHOLESALERS,logis,42,30,logis,MWTEMPN
514,423490,OTHER PROFESSIONAL EQUIPMENT AND SUPPLIES MERCHANT WHOLESALERS,logis,42,30,logis,MWTEMPN
515,423510,METALS SERVICE CENTERS AND OTHER METAL MERCHANT WHOLESALERS,logis,42,30,logis,MWTEMPN
516,423520,COAL AND OTHER MINERAL AND ORE MERCHANT WHOLESALERS,logis,42,30,logis,MWTEMPN
517,423610,"ELECTRICAL APPARATUS AND EQUIPMENT, WIRING SUPPLIES AND RELATED EQUIPMENT MERCHANT WHOLESALERS",logis,42,30,logis,MWTEMPN
518,423620,"KITCHEN APPLIANCES, HOUSEHOLD-TYPE, GAS AND ELECTRIC, MERCHANT WHOLESALERS",logis,42,30,logis,MWTEMPN
519,423690,OTHER ELECTRONIC PARTS AND EQUIPMENT MERCHANT WHOLESALERS,logis,42,30,logis,MWTEMPN
520,423710,HARDWARE MERCHANT WHOLESALERS,logis,42,30,logis,MWTEMPN
521,423720,PLUMBING AND HEATING EQUIPMENT AND SUPPLIES (HYDRONICS) MERCHANT WHOLESALERS,logis,42,30,logis,MWTEMPN
522,423730,WARM AIR HEATING AND AIR-CONDITIONING EQUIPMENT AND SUPPLIES MERCHANT WHOLESALERS,logis,42,30,logis,MWTEMPN
523,423740,REFRIGERATION EQUIPMENT AND SUPPLIES MERCHANT WHOLESALERS,logis,42,30,logis,MWTEMPN
524,423810,CONSTRUCTION AND MINING (EXCEPT OIL WELL) MACHINERY AND EQUIPMENT MERCHANT WHOLESALERS,logis,42,30,logis,MWTEMPN
525,423820,FARM AND GARDEN MACHINERY AND EQUIPMENT MERCHANT WHOLESALERS,logis,42,30,logis,MWTEMPN
526,423830,INDUSTRIAL MACHINERY AND EQUIPMENT MERCHANT WHOLESALERS,logis,42,30,logis,MWTEMPN
527,423840,INDUSTRIAL SUPPLIES MERCHANT WHOLESALERS,logis,42,30,logis,MWTEMPN
528,423850,SERVICE ESTABLISHMENT EQUIPMENT AND SUPPLIES MERCHANT WHOLESALERS,logis,42,30,logis,MWTEMPN
529,423860,TRANSPORTATION EQUIPMENT AND SUPPLIES (EXCEPT MOTOR VEHICLES) MERCHANT WHOLESALERS,logis,42,30,logis,MWTEMPN
530,423910,SPORTING AND RECREATIONAL GOODS AND SUPPLIES MERCHANT WHOLESALERS,logis,42,30,logis,MWTEMPN
531,423920,TOY AND HOBBY GOODS AND SUPPLIES MERCHANT WHOLESALERS,logis,42,30,logis,MWTEMPN
532,423930,RECYCLABLE MATERIAL MERCHANT WHOLESALERS,logis,42,30,logis,MWTEMPN
533,423940,"JEWELRY, WATCH , PRECIOUS STONE, AND PRECIOUS METAL MERCHANT WHOLESALERS",logis,42,30,logis,MWTEMPN
534,423990,OTHER MISCELLANEOUS DURABLE GOODS MERCHANT WHOLESALERS,logis,42,30,logis,MWTEMPN
535,424110,PRINTING AND WRITING PAPER MERCHANT WHOLESALERS,logis,42,30,logis,MWTEMPN
536,424120,STATIONERY AND OFFICE SUPPLIES MERCHANT WHOLESALERS,logis,42,30,logis,MWTEMPN
537,424130,INDUSTRIAL AND PERSONAL SERVICE PAPER MERCHANT WHOLESALERS,logis,42,30,logis,MWTEMPN
538,424210,DRUGS AND DRUGGISTS' SUNDRIES MERCHANT WHOLESALERS,logis,42,30,logis,MWTEMPN
539,424310,"PIECE GOODS, NOTIONS, AND OTHER DRY GOODS MERCHANT WHOLESALERS",logis,42,30,logis,MWTEMPN
540,424320,MEN'S AND BOYS' CLOTHING AND FURNISHINGS MERCHANT WHOLESALERS,logis,42,30,logis,MWTEMPN
541,424330,"WOMEN'S, CHILDREN'S, AND INFANTS' CLOTHING AND ACCESSORIES MERCHANT WHOLESALERS",logis,42,30,logis,MWTEMPN
542,424340,FOOTWEAR MERCHANT WHOLESALERS,logis,42,30,logis,MWTEMPN
543,424410,GENERAL LINE GROCERY MERCHANT WHOLESALERS,logis,42,30,logis,MWTEMPN
544,424420,PACKAGED FROZEN FOOD MERCHANT WHOLESALERS,logis,42,30,logis,MWTEMPN
545,424430,DAIRY PRODUCTS (EXCEPT DRIED OR CANNED) MERCHANT WHOLESALERS,logis,42,30,logis,MWTEMPN
546,424440,POULTRY AND POULTRY PRODUCT MERCHANT WHOLESALERS,logis,42,30,logis,MWTEMPN
547,424450,CONFECTIONERY MERCHANT WHOLESALERS,logis,42,30,logis,MWTEMPN
548,424460,FISH AND SEAFOOD MERCHANT WHOLESALERS,logis,42,30,logis,MWTEMPN
549,424470,MEAT AND MEAT PRODUCT MERCHANT WHOLESALERS,logis,42,30,logis,MWTEMPN
550,424480,FRESH FRUIT AND VEGETABLE MERCHANT WHOLESALERS,logis,42,30,logis,MWTEMPN
551,424490,OTHER GROCERY AND RELATED PRODUCT MERCHANT WHOLESALERS,logis,42,30,logis,MWTEMPN
552,424510,GRAIN AND FIELD BEAN MERCHANT WHOLESALERS,logis,42,30,logis,MWTEMPN
553,424520,LIVESTOCK MERCHANT WHOLESALERS,logis,42,30,logis,MWTEMPN
554,424590,OTHER FARM PRODUCT RAW MATERIAL MERCHANT WHOLESALERS,logis,42,30,logis,MWTEMPN
555,424610,PLASTICS MATERIALS AND BASIC FORMS AND SHAPES MERCHANT WHOLESALERS,logis,42,30,logis,MWTEMPN
556,424690,OTHER CHEMICAL AND ALLIED PRODUCTS MERCHANT WHOLESALERS,logis,42,30,logis,MWTEMPN
557,424710,PETROLEUM BULK STATIONS AND TERMINALS,logis,42,30,logis,MWTEMPN
558,424720,PETROLEUM AND PETROLEUM PRODUCTS MERCHANT WHOLESALERS (EXCEPT BULK STATIONS AND TERMINALS),logis,42,30,logis,MWTEMPN
559,424810,BEER AND ALE MERCHANT WHOLESALERS,logis,42,30,logis,MWTEMPN
560,424820,WINE AND DISTILLED ALCOHOLIC BEVERAGE MERCHANT WHOLESALERS,logis,42,30,logis,MWTEMPN
561,424910,FARM SUPPLIES MERCHANT WHOLESALERS,logis,42,30,logis,MWTEMPN
562,424920,"BOOK, PERIODICAL AND NEWSPAPER MERCHANT WHOLESALERS",logis,42,30,logis,MWTEMPN
563,424930,"FLOWER, NURSERY STOCK AND FLORISTS' SUPPLIES MERCHANT WHOLESALERS",logis,42,30,logis,MWTEMPN
564,424940,TOBACCO AND TOBACCO PRODUCT MERCHANT WHOLESALERS,logis,42,30,logis,MWTEMPN
565,424950,"PAINT, VARNISH AND SUPPLIES MERCHANT WHOLESALERS",logis,42,30,logis,MWTEMPN
566,424990,OTHER MISCELLANEOUS NONDURABLE GOODS MERCHANT WHOLESALERS,logis,42,30,logis,MWTEMPN
567,425110,WHOLESALE TRADE MORE,logis,42,30,logis,MWTEMPN
568,425120,WHOLESALE TRADE AGENTS AND BROKERS,logis,42,30,logis,MWTEMPN
569,441110,NEW CAR DEALERS,ret_reg,4445,31,retail,RETEMPN
570,441120,USED CAR DEALERS,ret_reg,4445,31,retail,RETEMPN
571,441210,RECREATIONAL VEHICLE DEALERS,ret_reg,4445,31,retail,RETEMPN
572,441222,BOAT DEALERS,ret_reg,4445,31,retail,RETEMPN
573,441228,"MOTORCYCLE, ATV, AND ALL OTHER MOTOR VEHICLE DEALERS",ret_reg,4445,31,retail,RETEMPN
574,441310,AUTOMOTIVE PARTS AND ACCESSORIES STORES,ret_reg,4445,31,retail,RETEMPN
575,441320,TIRE DEALERS,ret_reg,4445,31,retail,RETEMPN
576,442110,FURNITURE STORES,ret_reg,4445,31,retail,RETEMPN
577,442210,FLOOR COVERING STORES,ret_reg,4445,31,retail,RETEMPN
578,442291,WINDOW TREATMENT STORES,ret_reg,4445,31,retail,RETEMPN
579,442299,ALL OTHER HOME FURNISHINGS STORES,ret_reg,4445,31,retail,RETEMPN
580,443141,HOUSEHOLD APPLIANCE STORES,ret_reg,4445,31,retail,RETEMPN
581,443142,ELECTRONICS STORES,ret_reg,4445,31,retail,RETEMPN
582,444110,HOME CENTERS,ret_reg,4445,31,retail,RETEMPN
583,444120,PAINT AND WALLPAPER STORES,ret_reg,4445,31,retail,RETEMPN
584,444130,HARDWARE STORES,ret_loc,4445,31,retail,RETEMPN
585,444190,OTHER BUILDING MATERIAL DEALERS,ret_loc,4445,31,retail,RETEMPN
586,444210,OUTDOOR POWER EQUIPMENT STORES,ret_loc,4445,31,retail,RETEMPN
587,444220,NURSERY AND GARDEN CENTERS,ret_loc,4445,31,retail,RETEMPN
588,445110,SUPERMARKETS AND OTHER GROCERY (EXCEPT CONVENIENCE) STORES,ret_loc,4445,31,retail,RETEMPN
589,445120,CONVENIENCE STORES,ret_loc,4445,31,retail,RETEMPN
590,445210,MEAT MARKETS,ret_loc,4445,31,retail,RETEMPN
591,445220,FISH AND SEAFOOD MARKETS,ret_loc,4445,31,retail,RETEMPN
592,445230,FRUIT AND VEGETABLE MARKETS,ret_loc,4445,31,retail,RETEMPN
593,445291,BAKED GOODS STORES,ret_loc,4445,31,retail,RETEMPN
594,445292,CONFECTIONARY AND NUT STORES,ret_loc,4445,31,retail,RETEMPN
595,445299,ALL OTHER SPECIALTY FOOD STORES,ret_loc,4445,31,retail,RETEMPN
596,445310,"BEER, WINE AND LIQUOR STORES",ret_loc,4445,31,retail,RETEMPN
597,446110,PHARMACIES AND DRUG STORES,ret_loc,4445,31,retail,RETEMPN
598,446120,"COSMETICS, BEAUTY SUPPLIES, AND PERFUME STORES",ret_loc,4445,31,retail,RETEMPN
599,446130,OPTICAL GOODS STORES,ret_loc,4445,31,retail,RETEMPN
600,446191,FOOD (HEALTH) SUPPLEMENT STORES,ret_loc,4445,31,retail,RETEMPN
601,446199,ALL OTHER HEALTH AND PERSONAL CARE STORES,ret_loc,4445,31,retail,RETEMPN
602,447110,GASOLINE STATIONS WITH CONVENIENCE STORES,ret_loc,4445,31,retail,RETEMPN
603,447190,OTHER GASOLINE STATIONS,ret_loc,4445,31,retail,RETEMPN
604,448110,MEN'S CLOTHING STORES,ret_loc,4445,31,retail,RETEMPN
605,448120,WOMEN'S CLOTHING STORES,ret_loc,4445,31,retail,RETEMPN
606,448130,CHILDREN'S AND INFANTS' CLOTHING STORES,ret_loc,4445,31,retail,RETEMPN
607,448140,FAMILY CLOTHING STORES,ret_loc,4445,31,retail,RETEMPN
608,448150,CLOTHING ACCESSORIES STORES,ret_loc,4445,31,retail,RETEMPN
609,448190,OTHER CLOTHING STORES,ret_loc,4445,31,retail,RETEMPN
610,448210,SHOE STORES,ret_loc,4445,31,retail,RETEMPN
611,448310,JEWELRY STORES,ret_loc,4445,31,retail,RETEMPN
612,448320,LUGGAGE AND LEATHER GOODS STORES,ret_loc,4445,31,retail,RETEMPN
613,451110,SPORTING GOODS STORES,ret_loc,4445,31,retail,RETEMPN
614,451120,"HOBBY, TOY AND GAME STORES",ret_loc,4445,31,retail,RETEMPN
615,451130,"SEWING, NEEDLEWORK AND PIECE GOODS STORES",ret_loc,4445,31,retail,RETEMPN
616,451140,MUSICAL INSTRUMENT AND SUPPLIES STORES,ret_loc,4445,31,retail,RETEMPN
617,451211,BOOK STORES,ret_loc,4445,31,retail,RETEMPN
618,451212,NEWS DEALERS AND NEWSSTANDS,ret_loc,4445,31,retail,RETEMPN
619,452111,DEPARTMENT STORES,ret_reg,4445,31,retail,RETEMPN
620,452112,DISCOUNT DEPARTMENT STORES,ret_reg,4445,31,retail,RETEMPN
621,452910,WAREHOUSE CLUBS AND SUPERSTORES,ret_loc,4445,31,retail,RETEMPN
622,452990,ALL OTHER GENERAL MERCHANDISE STORES,ret_loc,4445,31,retail,RETEMPN
623,453110,FLORISTS,ret_loc,4445,31,retail,RETEMPN
624,453210,OFFICE SUPPLIES AND STATIONERY STORES,ret_reg,4445,31,retail,RETEMPN
625,453220,"GIFT, NOVELTY AND SOUVENIR STORES",ret_loc,4445,31,retail,RETEMPN
626,453310,USED MERCHANDISE STORES,ret_loc,4445,31,retail,RETEMPN
627,453910,PET AND PET SUPPLIES STORES,ret_loc,4445,31,retail,RETEMPN
628,453920,ART DEALERS,ret_loc,4445,31,retail,RETEMPN
629,453930,MANUFACTURED (MOBILE) HOME DEALERS,ret_loc,4445,31,retail,RETEMPN
630,453991,TOBACCO STORES,ret_loc,4445,31,retail,RETEMPN
631,453998,ALL OTHER MISCELLANEOUS STORE RETAILERS (EXCEPT TOBACCO STORES),ret_loc,4445,31,retail,RETEMPN
632,454111,ELECTRONIC SHOPPING,ret_loc,4445,31,retail,RETEMPN
633,454112,ELECTRONIC AUCTIONS,ret_loc,4445,31,retail,RETEMPN
634,454113,MAIL-ORDER HOUSES,ret_loc,4445,31,retail,RETEMPN
635,454210,VENDING MACHINE OPERATORS,ret_reg,4445,31,retail,RETEMPN
636,454310,FUEL DEALERS,ret_reg,4445,31,retail,RETEMPN
637,454390,OTHER DIRECT SELLING ESTABLISHMENTS,ret_reg,4445,31,retail,RETEMPN
638,481111,SCHEDULED PASSENGER AIR TRANSPORTATION,transp,4849,32,transp,MWTEMPN
639,481112,SCHEDULED FREIGHT AIR TRANSPORTATION,transp,4849,32,logis,MWTEMPN
640,481211,NONSCHEDULED CHARTERED PASSENGER AIR TRANSPORTATION,transp,4849,32,transp,MWTEMPN
641,481212,NONSCHEDULED CHARTERED FREIGHT AIR TRANSPORTATION,transp,4849,32,logis,MWTEMPN
642,481219,OTHER NONSCHEDULED AIR TRANSPORTATION,transp,4849,32,transp,MWTEMPN
643,482111,LINE-HAUL RAILROADS,transp,4849,33,logis,MWTEMPN
644,482112,SHORT LINE RAILROADS,transp,4849,33,logis,MWTEMPN
645,483111,DEEP SEA FREIGHT TRANSPORTATION,transp,4849,34,logis,MWTEMPN
646,483112,DEEP SEA PASSENGER TRANSPORTATION,transp,4849,34,transp,MWTEMPN
647,483113,COASTAL AND GREAT LAKES FREIGHT TRANSPORTATION,transp,4849,34,logis,MWTEMPN
648,483211,INLAND WATER FREIGHT TRANSPORTATION,transp,4849,34,logis,MWTEMPN
649,483212,INLAND WATER PASSENGER TRANSPORTATION,transp,4849,34,transp,MWTEMPN
650,484110,"GENERAL FREIGHT TRUCKING, LOCAL",transp,4849,35,logis,MWTEMPN
651,484121,"GENERAL FREIGHT TRUCKING, LONG-DISTANCE, TRUCKLOAD",transp,4849,35,logis,MWTEMPN
652,484122,"GENERAL FREIGHT TRUCKING, LONG-DISTANCE, LESS THAN TRUCKLOAD",transp,4849,35,logis,MWTEMPN
653,484210,USED HOUSEHOLD AND OFFICE GOODS MOVING,transp,4849,35,logis,MWTEMPN
654,484220,"SPECIALIZED FREIGHT (EXCEPT USED GOODS) TRUCKING, LOCAL",transp,4849,35,logis,MWTEMPN
655,484230,"SPECIALIZED FREIGHT (EXCEPT USED GOODS) TRUCKING, LONG-DISTANCE",transp,4849,35,logis,MWTEMPN
656,485111,MIXED MODE TRANSIT SYSTEMS,transp,4849,36,transp,MWTEMPN
657,485112,COMMUTER RAIL SYSTEMS,transp,4849,36,transp,MWTEMPN
658,485113,BUS AND MOTOR VEHICLE TRANSIT SYSTEMS,transp,4849,36,transp,MWTEMPN
659,485119,OTHER URBAN TRANSIT SYSTEMS,transp,4849,36,transp,MWTEMPN
660,485210,INTERURBAN AND RURAL BUS TRANSPORTATION,transp,4849,36,transp,MWTEMPN
661,485310,TAXI SERVICE,transp,4849,36,transp,MWTEMPN
662,485320,LIMOUSINE SERVICE,transp,4849,36,transp,MWTEMPN
663,485410,SCHOOL AND EMPLOYEE BUS TRANSPORTATION,transp,4849,36,transp,MWTEMPN
664,485510,CHARTER BUS INDUSTRY,transp,4849,36,transp,MWTEMPN
665,485991,BUS MORE,transp,4849,36,transp,MWTEMPN
666,485999,ALL OTHER TRANSIT AND GROUND PASSENGER TRANSPORTATION,transp,4849,36,transp,MWTEMPN
667,486110,PIPELINE TRANSPORTATION OF CRUDE OIL,transp,4849,37,logis,MWTEMPN
668,486210,PIPELINE TRANSPORTATION OF NATURAL GAS,transp,4849,37,logis,MWTEMPN
669,486910,PIPELINE TRANSPORTATION OF REFINED PETROLEUM PRODUCTS,transp,4849,37,logis,MWTEMPN
670,486990,ALL OTHER PIPELINE TRANSPORTATION,transp,4849,37,logis,MWTEMPN
671,487110,"SCENIC AND SIGHTSEEING TRANSPORTATION, LAND",transp,4849,38,transp,MWTEMPN
672,487210,"SCENIC AND SIGHTSEEING TRANSPORTATION, WATER",transp,4849,38,transp,MWTEMPN
673,487990,"SCENIC AND SIGHTSEEING TRANSPORTATION, OTHER",transp,4849,38,transp,MWTEMPN
674,488111,AIR TRAFFIC CONTROL,transp,4849,38,transp,MWTEMPN
675,488119,OTHER AIRPORT OPERATIONS,transp,4849,38,transp,MWTEMPN
676,488190,OTHER SUPPORT ACTIVITIES FOR AIR TRANSPORTATION,transp,4849,38,transp,MWTEMPN
677,488210,SUPPORT ACTIVITIES FOR RAIL TRANSPORTATION,transp,4849,38,logis,MWTEMPN
678,488310,PORT AND HARBOR OPERATIONS,transp,4849,38,logis,MWTEMPN
679,488320,MARINE CARGO HANDLING,transp,4849,38,logis,MWTEMPN
680,488330,NAVIGATIONAL SERVICES TO SHIPPING,transp,4849,38,logis,MWTEMPN
681,488390,OTHER SUPPORT ACTIVITIES FOR WATER TRANSPORTATION,transp,4849,38,logis,MWTEMPN
682,488410,MOTOR VEHICLE TOWING,transp,4849,38,transp,MWTEMPN
683,488490,OTHER SUPPORT ACTIVITIES FOR ROAD TRANSPORTATION,transp,4849,38,transp,MWTEMPN
684,488510,FREIGHT TRANSPORTATION ARRANGEMENT,transp,4849,38,logis,MWTEMPN
685,488991,PACKING AND CRATING,transp,4849,38,logis,MWTEMPN
686,488999,ALL OTHER SUPPORT ACTIVITIES FOR TRANSPORTATION,transp,4849,38,logis,MWTEMPN
687,491110,POSTAL SERVICE,transp,4849,0,logis,MWTEMPN
688,492110,COURIERS,transp,4849,35,logis,MWTEMPN
689,492210,LOCAL MESSENGERS AND LOCAL DELIVERY,transp,4849,35,logis,MWTEMPN
690,493110,GENERAL WAREHOUSING AND STORAGE,logis,4849,39,logis,MWTEMPN
691,493120,REFRIGERATED WAREHOUSING AND STORAGE FACILITIES,logis,4849,39,logis,MWTEMPN
692,493130,FARM PRODUCT WAREHOUSING AND STORAGE FACILITIES,logis,4849,39,logis,MWTEMPN
693,493190,OTHER WAREHOUSING AND STORAGE,logis,4849,39,logis,MWTEMPN
694,511110,NEWSPAPER PUBLISHERS,info,51,40,info,OTHEMPN
695,511120,PERIODICAL PUBLISHERS,info,51,40,info,OTHEMPN
696,511130,BOOK PUBLISHERS,info,51,40,info,OTHEMPN
697,511140,DATABASE AND DIRECTORY PUBLISHERS,info,51,40,info,OTHEMPN
698,511191,GREETING CARD PUBLISHERS,info,51,40,info,OTHEMPN
699,511199,ALL OTHER PUBLISHERS,info,51,40,info,OTHEMPN
700,511210,SOFTWARE PUBLISHERS,info,51,40,info,OTHEMPN
701,512110,MOTION PICTURE AND VIDEO PRODUCTION,info,51,41,info,OTHEMPN
702,512120,MOTION PICTURE AND VIDEO DISTRIBUTION,info,51,41,info,OTHEMPN
703,512131,"MOTION PICTURE THEATERS, EXCEPT DRIVE-IN",info,51,41,info,OTHEMPN
704,512132,DRIVE-IN MOTION PICTURE THEATERS,info,51,41,info,OTHEMPN
705,512191,TELEPRODUCTION AND OTHER POST-PRODUCTION SERVICES,info,51,41,info,OTHEMPN
706,512199,OTHER MOTION PICTURE AND VIDEO INDUSTRIES,info,51,41,info,OTHEMPN
707,512220,MUSIC MORE,info,51,41,info,OTHEMPN
708,512230,MUSIC PUBLISHERS,info,51,41,info,OTHEMPN
709,512240,SOUND RECORDING STUDIOS,info,51,41,info,OTHEMPN
710,512290,OTHER SOUND RECORDING INDUSTRIES,info,51,41,info,OTHEMPN
711,515112,RADIO STATIONS,info,51,43,info,OTHEMPN
712,515120,TELEVISION BROADCASTING,info,51,43,info,OTHEMPN
713,515210,CABLE AND OTHER SUBSCRIPTION PROGRAMMING,info,51,43,info,OTHEMPN
714,517110,WIRED TELECOMMUNICATIONS CARRIERS,info,51,43,info,OTHEMPN
715,517210,WIRED TELECOMMUNICATIONS CARRIERS (EXCEPT SATELLITE),info,51,43,info,OTHEMPN
716,517410,SATELLITE TELECOMMUNICATIONS,info,51,43,info,OTHEMPN
717,517911,TELECOMMUNICATIONS RESELLERS,info,51,43,info,OTHEMPN
718,517919,ALL OTHER TELECOMMUNICATIONS,info,51,43,info,OTHEMPN
719,518210,"DATA PROCESSING, HOSTING, AND RELATED SERVICES",info,51,42,info,OTHEMPN
720,519110,NEW SYNDICATES,info,51,42,info,OTHEMPN
721,519120,LIBRARIES AND ARCHIVES,info,51,42,info,OTHEMPN
722,519130,INTERNET PUBLISHING AND BROADCASTING AND WEB SEARCH PORTALS,info,51,42,info,OTHEMPN
723,519190,PUBLISHING MORE,info,51,42,info,OTHEMPN
724,521110,MONETARY AUTHORITIES-CENTRAL BANKS,fire,52,44,fire,FPSEMPN
725,522110,COMMERCIAL BANKING,fire,52,44,fire,FPSEMPN
726,522120,SAVINGS INSTITUTIONS,fire,52,44,fire,FPSEMPN
727,522130,CREDIT UNIONS,fire,52,44,fire,FPSEMPN
728,522220,SALES FINANCING,fire,52,44,fire,FPSEMPN
729,522291,CONSUMER LENDING,fire,52,44,fire,FPSEMPN
730,522292,REAL ESTATE CREDIT,fire,52,44,fire,FPSEMPN
731,522293,INTERNATIONAL TRADE FINANCING,fire,52,44,fire,FPSEMPN
732,522294,SECONDARY MARKET FINANCING,fire,52,44,fire,FPSEMPN
733,522298,ALL OTHER NONDEPOSITORY CREDIT INTERMEDIATION,fire,52,44,fire,FPSEMPN
734,522310,MORTGAGE AND NONMORTAGAE LOAN BROKERS,fire,52,44,fire,FPSEMPN
735,522320,"FINANCIAL TRANSACTIONS, PROCESSING, RESERVE AND CLEARING HOUSE ACTIVITIES",fire,52,44,fire,FPSEMPN
736,522390,OTHER ACTIVITIES RELATED TO CREDIT INTERMEDIATION,fire,52,44,fire,FPSEMPN
737,523110,INVESTMENT BANKING AND SECURITIES DEALING,fire,52,45,fire,FPSEMPN
738,523120,SECURITIES BROKERAGE,fire,52,45,fire,FPSEMPN
739,523130,COMMODITY CONTRACTS DEALING,fire,52,45,fire,FPSEMPN
740,523140,COMMODITY BROKERAGE,fire,52,45,fire,FPSEMPN
741,523210,SECURITIES AND COMMODITY EXCHANGES,fire,52,45,fire,FPSEMPN
742,523910,MISCELLANEOUS INTERMEDIATION,fire,52,45,fire,FPSEMPN
743,523920,PORTFOLIO MANAGEMENT,fire,52,45,fire,FPSEMPN
744,523930,INVESTMENT ADVICE,fire,52,45,fire,FPSEMPN
745,523991,"TRUST, FIDUCIARY, AND CUSTODY ACTIVITIES",fire,52,45,fire,FPSEMPN
746,523999,MISCELLANEOUS FINANCIAL INVESTMENT ACTIVITIES,fire,52,45,fire,FPSEMPN
747,524113,DIRECT LIFE INSURANCE CARRIERS,fire,52,46,fire,FPSEMPN
748,524114,DIRECT HEALTH AND MEDICAL INSURANCE CARRIERS,fire,52,46,fire,FPSEMPN
749,524126,DIRECT PROPERTY AND CASUALTY INSURANCE CARRIERS,fire,52,46,fire,FPSEMPN
750,524127,DIRECT TITLE INSURANCE CARRIERS,fire,52,46,fire,FPSEMPN
751,524128,"OTHER DIRECT INSURANCE (EXCEPT LIFE, HEALTH, AND MEDICAL) CARRIERS",fire,52,46,fire,FPSEMPN
752,524130,REINSURANCE CARRIERS,fire,52,46,fire,FPSEMPN
753,524210,INSURANCE AGENCIES AND BROKERAGES,fire,52,46,fire,FPSEMPN
754,524291,CLAIMS ADJUSTERS,fire,52,46,fire,FPSEMPN
755,524292,THIRD PARTY ADMINISTRATORS FOR INSURANCE AND PENSION FUNDS,fire,52,46,fire,FPSEMPN
756,524298,ALL OTHER INSURANCE RELATED ACTIVITIES,fire,52,46,fire,FPSEMPN
757,525110,PENSION FUNDS,fire,52,44,fire,FPSEMPN
758,525120,HEALTH AND WELFARE FUNDS,fire,52,44,fire,FPSEMPN
759,525190,OTHER INSURANCE FUNDS,fire,52,44,fire,FPSEMPN
760,525910,OPEN-END INVESTMENT FUNDS,fire,52,44,fire,FPSEMPN
761,525920,"TRUSTS, ESTATES, AND AGENCY ACCOUNTS",fire,52,44,fire,FPSEMPN
762,525990,OTHER FINANCIAL VEHICLES,fire,52,44,fire,FPSEMPN
763,531110,LESSORS OF RESIDENTIAL BUILDINGS AND DWELLINGS,fire,53,47,fire,FPSEMPN
764,531120,LESSORS OF NONRESIDENTIAL BUILDINGS (EXCEPT MINIWAREHOUSES),fire,53,47,fire,FPSEMPN
765,531130,LESSORS OF MINIWAREHOUSES AND SELF STORAGE UNITS,fire,53,47,fire,FPSEMPN
766,531190,LESSORS OF OTHER REAL ESTATE PROPERTY,fire,53,47,fire,FPSEMPN
767,531210,OFFICES OF REAL ESTATE AGENTS AND BROKERS,fire,53,47,fire,FPSEMPN
768,531311,RESIDENTIAL PROPERTY MANAGERS,fire,53,47,fire,FPSEMPN
769,531312,PROPERTY MANAGERS MORE,fire,53,47,fire,FPSEMPN
770,531320,OFFICES OF REAL ESTATE APPRAISERS,fire,53,47,fire,FPSEMPN
771,531390,OTHER ACTIVITIES RELATED TO REAL ESTATE,fire,53,47,fire,FPSEMPN
772,532111,PASSENGER CARS RENTAL,serv_pers,53,48,svc_per,HEREEMPN
773,532112,PASSENGER CARS LEASING,serv_pers,53,48,svc_per,HEREEMPN
774,532120,"TRUCK, UTILITY TRAILER AND RV (RECREATIONAL VEHICLE) RENTAL A AND LEASING",serv_pers,53,48,svc_per,HEREEMPN
775,532210,CONSUMER ELECTRONICS AND APPLIANCES RENTAL,serv_pers,53,48,svc_per,HEREEMPN
776,532220,FORMAL WEAR AND COSTUME RENTAL,serv_pers,53,48,svc_per,HEREEMPN
777,532230,VIDEO TAPES AND DISC RENTAL,serv_pers,53,48,svc_per,HEREEMPN
778,532291,HOME HEALTH EQUIPMENT RENTAL,serv_pers,53,48,svc_per,HEREEMPN
779,532292,RECREATIONAL GOODS RENTAL,serv_pers,53,48,svc_per,HEREEMPN
780,532299,ALL OTHER CONSUMER GOODS RENTAL,serv_pers,53,48,svc_per,HEREEMPN
781,532310,GENERAL RENTAL CENTERS,lease,53,48,svc_bus,FPSEMPN
782,532411,"COMMERCIAL AIR, RAIL, AND WATER TRANSPORTATION EQUIPMENT RENTAL AND LEASING",lease,53,48,svc_bus,FPSEMPN
783,532412,"CONSTRUCTION, MINING AND FORESTRY MACHINERY AND EQUIPMENT RENTAL AND LEASING",lease,53,48,svc_bus,FPSEMPN
784,532420,OFFICE MACHINERY AND EQUIPMENT RENTAL AND LEASING,lease,53,48,svc_bus,FPSEMPN
785,532490,OTHER COMMERCIAL AND INDUSTRIAL MACHINERY AND EQUIPMENT RENTAL AND LEASING,lease,53,48,svc_bus,FPSEMPN
786,533110,OWNERS AND LESSORS OF OTHER NON-FINANCIAL ASSETS,fire,53,48,svc_bus,FPSEMPN
787,541110,OFFICES OF LAWYERS,prof,54,49,prof,FPSEMPN
788,541120,OFFICES OF NOTARIES,prof,54,49,prof,FPSEMPN
789,541191,TITLE ABSTRACT AND SETTLEMENT OFFICES,prof,54,49,prof,FPSEMPN
790,541199,ALL OTHER LEGAL SERVICES,prof,54,49,prof,FPSEMPN
791,541211,OFFICES OF CERTIFIED PUBLIC ACCOUNTANTS,prof,54,49,prof,FPSEMPN
792,541213,TAX PREPARATION SERVICES,prof,54,49,prof,FPSEMPN
793,541214,PAYROLL SERVICES,prof,54,49,prof,FPSEMPN
794,541219,OTHER ACCOUNTING SERVICES,prof,54,49,prof,FPSEMPN
795,541310,ARCHITECTURAL SERVICES,prof,54,49,prof,FPSEMPN
796,541320,LANDSCAPE ARCHITECTURAL SERVICES,prof,54,49,prof,FPSEMPN
797,541330,ENGINEERING SERVICES,prof,54,49,prof,FPSEMPN
798,541340,DRAFTING SERVICES,prof,54,49,prof,FPSEMPN
799,541350,BUILDING INSPECTION SERVICES,prof,54,49,prof,FPSEMPN
800,541360,BUILDING MORE,prof,54,49,prof,FPSEMPN
801,541370,SURVEYING AND MAPPING (EXCEPT GEOPHYSICAL) SERVICES,prof,54,49,prof,FPSEMPN
802,541380,TESTING LABORATORIES,prof,54,49,prof,FPSEMPN
803,541410,INTERIOR DESIGN SERVICES,prof,54,49,prof,FPSEMPN
804,541420,INDUSTRIAL DESIGN SERVICES,prof,54,49,prof,FPSEMPN
805,541430,GRAPHIC DESIGN SERVICES,prof,54,49,prof,FPSEMPN
806,541490,OTHER SPECIALIZED DESIGN SERVICES,prof,54,49,prof,FPSEMPN
807,541511,CUSTOM COMPUTER PROGRAMMING SERVICES,prof,54,49,prof,FPSEMPN
808,541512,COMPUTER SYSTEMS DESIGN SERVICES,prof,54,49,prof,FPSEMPN
809,541513,COMPUTER FACILITIES MANAGEMENT SERVICES,prof,54,49,prof,FPSEMPN
810,541519,OTHER COMPUTER RELATED SERVICES,prof,54,49,prof,FPSEMPN
811,541611,ADMINISTRATIVE MANAGEMENT AND GENERAL MANAGEMENT CONSULTING SERVICES,prof,54,49,prof,FPSEMPN
812,541612,HUMAN RESOURCES  CONSULTING SERVICES,prof,54,49,prof,FPSEMPN
813,541613,MARKETING CONSULTING SERVICES,prof,54,49,prof,FPSEMPN
814,541614,"PROCESS, PHYSICAL, DISTRIBUTION AND LOGISTICS CONSULTING SERVICES",prof,54,49,prof,FPSEMPN
815,541618,OTHER MANAGEMENT CONSULTING SERVICES,prof,54,49,prof,FPSEMPN
816,541620,ENVIRONMENTAL CONSULTING SERVICES,prof,54,49,prof,FPSEMPN
817,541690,OTHER SCIENTIFIC AND TECHNICAL CONSULTING SERVICES,prof,54,49,prof,FPSEMPN
818,541711,RESEARCH AND DEVELOPMENT IN BIOTECHNOLOGY,prof,54,49,prof,FPSEMPN
819,541712,"RESEARCH AND DEVELOPMENT IN THE PHYSICAL, ENGINEERING, AND LIFE SCIENCES (EXCEPT BIOTECHNOLOGY)",prof,54,49,prof,FPSEMPN
820,541720,RESEARCH AND DEVELOPMENT IN THE SOCIAL SCIENCES AND HUMANITIES,prof,54,49,prof,FPSEMPN
821,541810,ADVERTISING AGENCIES,prof,54,49,prof,FPSEMPN
822,541820,PUBLIC RELATIONS AGENCIES,prof,54,49,prof,FPSEMPN
823,541830,MEDIA BUYING AGENCIES,prof,54,49,prof,FPSEMPN
824,541840,MEDIA REPRESENTATIVES,prof,54,49,prof,FPSEMPN
825,541850,OUTDOOR ADVERTISING,prof,54,49,prof,FPSEMPN
826,541860,DIRECT MAIL ADVERTISING,prof,54,49,prof,FPSEMPN
827,541870,ADVERTISING MATERIAL DISTRIBUTION SERVICES,prof,54,49,prof,FPSEMPN
828,541890,OTHER SERVICES RELATED TO ADVERTISING,prof,54,49,prof,FPSEMPN
829,541910,MARKETING RESEARCH AND PUBLIC OPINION POLLING,prof,54,49,prof,FPSEMPN
830,541921,"PHOTOGRAPHIC STUDIOS, PORTRAIT",prof,54,49,prof,FPSEMPN
831,541922,COMMERCIAL PHOTOGRAPHY,prof,54,49,prof,FPSEMPN
832,541930,TRANSLATION AND INTERPRETATION SERVICES,prof,54,49,prof,FPSEMPN
833,541940,VETERINARY SERVICES,prof,54,49,prof,FPSEMPN
834,541990,"ALL OTHER PROFESSIONAL, SCIENTIFIC AND TECHNICAL SERVICES",prof,54,49,prof,FPSEMPN
835,551111,OFFICES OF BANK HOLDING COMPANIES,serv_bus,55,50,svc_bus,FPSEMPN
836,551112,OFFICES OF OTHER HOLDING COMPANIES,serv_bus,55,50,svc_bus,FPSEMPN
837,561110,OFFICE ADMINISTRATIVE SERVICES,serv_bus,56,51,svc_bus,FPSEMPN
838,561210,FACILITIES SUPPORT SERVICES,serv_bus,56,51,svc_bus,FPSEMPN
839,561311,EMPLOYMENT PLACEMENT AGENCIES,serv_bus,56,51,svc_bus,FPSEMPN
840,561312,EXECUTIVE SEARCH SERVICES,serv_bus,56,51,svc_bus,FPSEMPN
841,561320,TEMPORARY HELP SERVICES,serv_bus,56,51,svc_bus,FPSEMPN
842,561330,PROFESSIONAL EMPLOYER ORGANIZATIONS,serv_bus,56,51,svc_bus,FPSEMPN
843,561410,DOCUMENT PREPARATION SERVICES,serv_bus,56,51,svc_bus,FPSEMPN
844,561421,TELEPHONE ANSWERING SERVICES,serv_bus,56,51,svc_bus,FPSEMPN
845,561422,TELEMARKETING BUREAUS AND OTHER CONTACT CENTERS,serv_bus,56,51,svc_bus,FPSEMPN
846,561431,PRIVATE MAIL CENTERS,serv_bus,56,51,svc_bus,FPSEMPN
847,561439,OTHER BUSINESS SERVICE CENTERS (INCLUDING COPY SHOPS),serv_bus,56,51,svc_bus,FPSEMPN
848,561440,COLLECTION AGENCIES,serv_bus,56,51,svc_bus,FPSEMPN
849,561450,CREDIT BUREAUS,serv_bus,56,51,svc_bus,FPSEMPN
850,561491,REPOSSESSION SERVICES,serv_bus,56,51,svc_bus,FPSEMPN
851,561492,COURT REPORTING AND STENOTYPE SERVICES,serv_bus,56,51,svc_bus,FPSEMPN
852,561499,ALL OTHER BUSINESS SUPPORT SERVICES,serv_bus,56,51,svc_bus,FPSEMPN
853,561510,TRAVEL AGENCIES,serv_bus,56,51,svc_bus,FPSEMPN
854,561520,TOUR OPERATORS,serv_bus,56,51,svc_bus,FPSEMPN
855,561591,CONVENTION AND VISITORS BUREAUS,serv_bus,56,51,svc_bus,FPSEMPN
856,561599,ALL OTHER TRAVEL ARRANGEMENT AND RESERVATION SERVICES,serv_bus,56,51,svc_bus,FPSEMPN
857,561611,INVESTIGATION SERVICES,serv_bus,56,51,svc_bus,FPSEMPN
858,561612,SECURITY GUARDS AND PATROL SERVICES,serv_bus,56,51,svc_bus,FPSEMPN
859,561613,ARMORED CAR SERVICES,serv_bus,56,51,svc_bus,FPSEMPN
860,561621,SECURITY SYSTEMS SERVICES (EXCEPT LOCKSMITHS),serv_bus,56,51,svc_bus,FPSEMPN
861,561622,LOCKSMITHS,serv_bus,56,51,svc_bus,FPSEMPN
862,561710,EXTERMINATING AND PEST CONTROL SERVICES,serv_bus,56,51,svc_bus,FPSEMPN
863,561720,JANITORIAL SERVICES,serv_bus,56,51,svc_bus,FPSEMPN
864,561730,LANDSCAPING SERVICES,serv_bus,56,51,svc_bus,FPSEMPN
865,561740,CARPET AND UPHOLSTERY CLEANING SERVICES,serv_bus,56,51,svc_bus,FPSEMPN
866,561790,OTHER SERVICES TO BUILDINGS AND DWELLINGS,serv_bus,56,51,svc_bus,FPSEMPN
867,561910,PACKAGING AND LABELING SERVICES,serv_bus,56,51,svc_bus,FPSEMPN
868,561920,CONVENTION AND TRADE SHOW  ORGANIZERS,serv_bus,56,51,svc_bus,FPSEMPN
869,561990,ALL OTHER SUPPORT SERVICES,serv_bus,56,51,svc_bus,FPSEMPN
870,562111,SOLID WASTE COLLECTION,util,56,52,util,OTHEMPN
871,562112,HAZARDOUS WASTE COLLECTION,util,56,52,util,OTHEMPN
872,562119,OTHER WASTE COLLECTION,util,56,52,util,OTHEMPN
873,562211,HAZARDOUS WASTE TREATMENT AND DISPOSAL,util,56,52,util,OTHEMPN
874,562212,SOLID WASTE LANDFILLS,util,56,52,util,OTHEMPN
875,562213,SOLID WASTE COMBUSTORS AND INCINERATORS,util,56,52,util,OTHEMPN
876,562219,OTHER NONHAZARDOUS WASTE TREATMENT AND DISPOSAL,util,56,52,util,OTHEMPN
877,562910,REMEDIATION SERVICES,util,56,52,util,OTHEMPN
878,562920,MATERIALS RECOVERY FACILITIES,util,56,52,util,OTHEMPN
879,562991,SEPTIC TANK AND RELATED SERVICES,util,56,52,util,OTHEMPN
880,562998,ALL OTHER MISCELLANEOUS WASTE MANAGEMENT SERVICES,util,56,52,util,OTHEMPN
881,611110,ELEMENTARY AND SECONDARY SCHOOLS,ed_k12,61,53,ed_k12,HEREEMPN
882,611210,JUNIOR COLLEGES,ed_high,61,53,ed_high,HEREEMPN
883,611310,"COLLEGES, UNIVERSITIES AND PROFESSIONAL SCHOOLS",ed_high,61,53,ed_high,HEREEMPN
884,611410,BUSINESS AND SECRETARIAL SCHOOLS,ed_high,61,53,ed_high,HEREEMPN
885,611420,COMPUTER TRAINING,ed_high,61,53,ed_high,HEREEMPN
886,611430,TRAINING MORE,ed_high,61,53,ed_high,HEREEMPN
887,611511,COSMETOLOGY AND BARBER SCHOOLS,ed_high,61,53,ed_high,HEREEMPN
888,611512,FLIGHT TRAINING,ed_high,61,53,ed_high,HEREEMPN
889,611513,APPRENTICESHIP TRAINING,ed_high,61,53,ed_high,HEREEMPN
890,611519,OTHER TECHNICAL AND TRADE SCHOOLS,ed_high,61,53,ed_high,HEREEMPN
891,611610,FINE ARTS SCHOOLS,ed_other,61,53,ed_high,HEREEMPN
892,611620,SPORTS AND RECREATION INSTRUCTION,ed_other,61,53,svc_per,HEREEMPN
893,611630,LANGUAGE SCHOOLS,ed_other,61,53,svc_per,HEREEMPN
894,611691,EXAM PREPARATION AND TUTORING,ed_other,61,53,svc_per,HEREEMPN
895,611692,AUTOMOBILE DRIVING SCHOOLS,ed_other,61,53,svc_per,HEREEMPN
896,611699,ALL OTHER MISCELLANEOUS SCHOOLS AND INSTRUCTION,ed_other,61,53,svc_per,HEREEMPN
897,611710,EDUCATIONAL SUPPORT SERVICES,ed_other,61,53,ed_high,HEREEMPN
898,621111,OFFICES OF PHYSICIANS (EXCEPT MENTAL HEALTH SPECIALISTS),health,62,54,health,HEREEMPN
899,621112,"OFFICES OF PHYSICIANS, MENTAL HEALTH SPECIALISTS",health,62,54,health,HEREEMPN
900,621210,OFFICES OF DENTISTS,health,62,54,health,HEREEMPN
901,621310,OFFICES OF CHIROPRACTORS,health,62,54,health,HEREEMPN
902,621320,OFFICES OF OPTOMETRISTS,health,62,54,health,HEREEMPN
903,621330,OFFICES OF MENTAL HEALTH PRACTITIONERS (EXCEPT PHYSICIANS),health,62,54,health,HEREEMPN
904,621340,"OFFICES OF  PHYSICAL, OCCUPATIONAL, AND SPEECH THERAPISTS AND AUDIOLOGISTS",health,62,54,health,HEREEMPN
905,621391,OFFICES OF PODIATRISTS,health,62,54,health,HEREEMPN
906,621399,OFFICES OF ALL OTHER MISCELLANEOUS HEALTH PRACTITIONERS,health,62,54,health,HEREEMPN
907,621410,FAMILY PLANNING CENTERS,health,62,54,health,HEREEMPN
908,621420,OUTPATIENT MENTAL HEALTH AND SUBSTANCE ABUSE CENTERS,health,62,54,health,HEREEMPN
909,621491,HMO MEDICAL CENTERS,health,62,54,health,HEREEMPN
910,621492,KIDNEY DIALYSIS CENTERS,health,62,54,health,HEREEMPN
911,621493,FREESTANDING AMBULATORY SURGICAL AND EMERGENCY CENTERS,health,62,54,health,HEREEMPN
912,621498,ALL OTHER OUTPATIENT CARE CENTERS,health,62,54,health,HEREEMPN
913,621511,MEDICAL LABORATORIES,health,62,54,health,HEREEMPN
914,621512,DIAGNOSTIC IMAGING CENTERS,health,62,54,health,HEREEMPN
915,621610,HOME HEALTH CARE SERVICES,health,62,54,health,HEREEMPN
916,621910,AMBULANCE SERVICES,health,62,54,health,HEREEMPN
917,621991,BLOOD AND ORGAN BANKS,health,62,54,health,HEREEMPN
918,621999,ALL OTHER MISCELLANEOUS AMBULATORY HEALTH CARE SERVICES,health,62,54,health,HEREEMPN
919,622110,GENERAL MEDICAL AND SURGICAL HOSPITALS,health,62,55,health,HEREEMPN
920,622210,PSYCHIATRIC AND SUBSTANCE ABUSE HOSPITALS,health,62,55,health,HEREEMPN
921,622310,SPECIALTY (EXCEPT PSYCHIATRIC AND SUBSTANCE ABUSE) HOSPITALS,health,62,55,health,HEREEMPN
922,623110,NURSING CARE FACILITIES (SKILLED NURSING FACILITIES),health,62,56,health,HEREEMPN
923,623210,RESIDENTIAL INTELLECTUAL AND DEVELOPMENTAL DISABILITY FACILITIES,health,62,56,health,HEREEMPN
924,623220,RESIDENTIAL MENTAL HEALTH AND SUBSTANCE ABUSE FACILITIES,health,62,56,health,HEREEMPN
925,623311,CONTINUING CARE RETIREMENT COMMUNITIES AND ASSISTED LIVING FACILITIES FOR THE ELDERLY,health,62,56,health,HEREEMPN
926,623312,ASSISTED LIVING FACILITIES FOR THE ELDERLY,health,62,56,health,HEREEMPN
927,623990,OTHER RESIDENTIAL CARE FACILITIES,health,62,56,health,HEREEMPN
928,624110,CHILD AND YOUTH SERVICES,serv_soc,62,57,health,HEREEMPN
929,624120,SERVICES FOR THE ELDERLY AND PERSONS WITH DISABILITIES,serv_soc,62,57,health,HEREEMPN
930,624190,OTHER INDIVIDUAL AND FAMILY SERVICES,serv_soc,62,57,health,HEREEMPN
931,624210,COMMUNITY FOOD SERVICES,serv_soc,62,57,health,HEREEMPN
932,624221,TEMPORARY SHELTERS,serv_soc,62,57,health,HEREEMPN
933,624229,OTHER COMMUNITY HOUSING SERVICES,serv_soc,62,57,health,HEREEMPN
934,624230,EMERGENCY AND OTHER RELIEF SERVICES,serv_soc,62,57,health,HEREEMPN
935,624310,VOCATIONAL REHABILITATION SERVICES,serv_soc,62,57,health,HEREEMPN
936,624410,CHILD DAY CARE SERVICES,serv_soc,62,57,health,HEREEMPN
937,711110,THEATER COMPANIES AND DINNER THEATERS,art_rec,71,58,art_rec,HEREEMPN
938,711120,DANCE COMPANIES,art_rec,71,58,art_rec,HEREEMPN
939,711130,MUSICAL GROUPS AND ARTISTS,art_rec,71,58,art_rec,HEREEMPN
940,711190,OTHER PERFORMING ARTS COMPANIES,art_rec,71,58,art_rec,HEREEMPN
941,711211,SPORTS TEAMS AND CLUBS,art_rec,71,58,art_rec,HEREEMPN
942,711212,RACETRACKS,art_rec,71,58,art_rec,HEREEMPN
943,711219,OTHER SPECTATOR SPORTS,art_rec,71,58,art_rec,HEREEMPN
944,711310,"PROMOTERS OF PERFORMING ARTS, SPORTS, AND SIMILAR EVENTS WITH FACILITIES",art_rec,71,58,art_rec,HEREEMPN
945,711320,"PROMOTERS OF PERFORMING ARTS, SPORTS, AND SIMILAR EVENTS WITHOUT FACILITIES",art_rec,71,58,art_rec,HEREEMPN
946,711410,"AGENTS AND MANAGERS FOR ARTISTS, ATHLETES, ENTERTAINERS AND OTHER PUBLIC FIGURES",art_rec,71,58,art_rec,HEREEMPN
947,711510,"INDEPENDENT ARTISTS, WRITERS, AND PERFORMERS",art_rec,71,58,art_rec,HEREEMPN
948,712110,MUSEUMS,art_rec,71,59,art_rec,HEREEMPN
949,712120,HISTORICAL SITES,art_rec,71,59,art_rec,HEREEMPN
950,712130,ZOOS AND BOTANICAL GARDENS,art_rec,71,59,art_rec,HEREEMPN
951,712190,NATURE PARKS AND OTHER SIMILAR INSTITUTIONS,art_rec,71,59,art_rec,HEREEMPN
952,713110,AMUSEMENT AND THEME PARKS,art_rec,71,60,art_rec,HEREEMPN
953,713120,AMUSEMENT ARCADES,art_rec,71,60,art_rec,HEREEMPN
954,713210,CASINOS (EXCEPT CASINO HOTELS),art_rec,71,60,art_rec,HEREEMPN
955,713290,OTHER GAMBLING INDUSTRIES,art_rec,71,60,art_rec,HEREEMPN
956,713910,GOLF COURSES AND COUNTRY CLUBS,art_rec,71,60,art_rec,HEREEMPN
957,713920,SKIING FACILITIES,art_rec,71,60,art_rec,HEREEMPN
958,713930,MARINAS,art_rec,71,60,art_rec,HEREEMPN
959,713940,FITNESS AND RECREATIONAL SPORTS CENTERS,art_rec,71,60,art_rec,HEREEMPN
960,713950,BOWLING CENTERS,art_rec,71,60,art_rec,HEREEMPN
961,713990,ALL OTHER AMUSEMENT AND RECREATION INDUSTRIES,art_rec,71,60,art_rec,HEREEMPN
962,721110,HOTELS (EXCEPT CASINO HOTELS) AND MOTELS,hotel,72,61,hotel,HEREEMPN
963,721120,CASINO HOTELS,hotel,72,61,hotel,HEREEMPN
964,721191,BED-AND-BREAKFAST INNS,hotel,72,61,hotel,HEREEMPN
965,721199,ALL OTHER TRAVELER ACCOMMODATION,hotel,72,61,hotel,HEREEMPN
966,721211,RV (RECREATIONAL VEHICLE) PARKS AND CAMPGROUNDS,hotel,72,61,hotel,HEREEMPN
967,721214,RECREATIONAL AND VACATION CAMPS,hotel,72,61,hotel,HEREEMPN
968,721310,ROOMING AND BOARDING HOUSES,hotel,72,61,hotel,HEREEMPN
969,722310,FOODSERVICE CONTRACTORS,eat,72,62,eat,HEREEMPN
970,722320,CATERERS,eat,72,62,eat,HEREEMPN
971,722330,MOBILE FOODSERVICES,eat,72,62,eat,HEREEMPN
972,722410,DRINKING PLACES (ALCOHOLIC BEVERAGES),eat,72,62,eat,HEREEMPN
973,722511,FULL-SERVICE RESTAURANTS,eat,72,62,eat,HEREEMPN
974,722513,LIMITED-SERVICE RESTAURANTS,eat,72,62,eat,HEREEMPN
975,722514,"CAFETERIAS, GRILL BUFFETS, AND BUFFETS",eat,72,62,eat,HEREEMPN
976,722515,SNACK AND NONALCOHOLIC BEVERAGE BARS,eat,72,62,eat,HEREEMPN
977,811111,GENERAL AUTOMOTIVE REPAIR,serv_pers,81,63,svc_per,HEREEMPN
978,811112,AUTOMOTIVE EXHAUST SYSTEM REPAIR,serv_pers,81,63,svc_per,HEREEMPN
979,811113,AUTOMOTIVE TRANSMISSION REPAIR,serv_pers,81,63,svc_per,HEREEMPN
980,811118,OTHER AUTOMOTIVE MECHANICAL AND ELECTRICAL REPAIR AND MAINTENANCE,serv_pers,81,63,svc_per,HEREEMPN
981,811121,"AUTOMOTIVE BODY, PAINT, AND INTERIOR REPAIR AND MAINTENANCE",serv_pers,81,63,svc_per,HEREEMPN
982,811122,AUTOMOTIVE GLASS REPLACEMENT SHOPS,serv_pers,81,63,svc_per,HEREEMPN
983,811191,AUTOMOTIVE OIL CHANGE AND LUBRICATION SHOPS,serv_pers,81,63,svc_per,HEREEMPN
984,811192,CAR WASHES,serv_pers,81,63,svc_per,HEREEMPN
985,811198,ALL OTHER AUTOMOTIVE REPAIR AND MAINTENANCE,serv_pers,81,63,svc_per,HEREEMPN
986,811211,CONSUMER ELECTRONICS REPAIR AND MAINTENANCE,serv_pers,81,63,svc_per,HEREEMPN
987,811212,COMPUTER AND OFFICE MACHINE REPAIR AND MAINTENANCE,serv_pers,81,63,svc_per,HEREEMPN
988,811213,COMMUNICATION EQUIPMENT REPAIR AND MAINTENANCE,serv_pers,81,63,svc_per,HEREEMPN
989,811219,OTHER ELECTRONIC AND PRECISION EQUIPMENT REPAIR AND MAINTENANCE,serv_pers,81,63,svc_per,HEREEMPN
990,811310,COMMERCIAL AND INDUSTRIAL MACHINERY AND EQUIPMENT (EXCEPT AUTOMOTIVE AND ELECTRONIC) REPAIR AND MAINTENANCE,serv_pers,81,63,svc_per,HEREEMPN
991,811411,HOME AND GARDEN EQUIPMENT REPAIR AND MAINTENANCE,serv_pers,81,63,svc_per,HEREEMPN
992,811412,APPLIANCE REPAIR AND MAINTENANCE,serv_pers,81,63,svc_per,HEREEMPN
993,811420,REUPHOLSTERY AND FURNITURE REPAIR,serv_pers,81,63,svc_per,HEREEMPN
994,811430,FOOTWEAR AND  LEATHER GOODS REPAIR,serv_pers,81,63,svc_per,HEREEMPN
995,811490,OTHER PERSONAL AND HOUSEHOLD GOODS REPAIR AND MAINTENANCE,serv_pers,81,63,svc_per,HEREEMPN
996,812111,BARBER SHOPS,serv_pers,81,64,svc_per,HEREEMPN
997,812112,BEAUTY SALONS,serv_pers,81,64,svc_per,HEREEMPN
998,812113,NAIL SALONS,serv_pers,81,64,svc_per,HEREEMPN
999,812191,DIET AND WEIGHT REDUCING CENTERS,serv_pers,81,64,svc_per,HEREEMPN
1000,812199,OTHER PERSONAL CARE SERVICES,serv_pers,81,64,svc_per,HEREEMPN
1001,812210,FUNERAL HOMES AND FUNERAL SERVICES,serv_pers,81,64,svc_per,HEREEMPN
1002,812220,CEMETERIES AND CREMATORIES,serv_pers,81,64,svc_per,HEREEMPN
1003,812310,COIN-OPERATED LAUNDRIES AND DRYCLEANERS,serv_pers,81,64,svc_per,HEREEMPN
1004,812320,DRY-CLEANING AND LAUNDRY SERVICES (EXCEPT COIN-OPERATED),serv_pers,81,64,svc_per,HEREEMPN
1005,812331,LINEN SUPPLY,serv_pers,81,64,svc_per,HEREEMPN
1006,812332,INDUSTRIAL LAUNDERERS,serv_pers,81,64,svc_per,HEREEMPN
1007,812910,PET CARE (EXCEPT VETERINARY) SERVICES,serv_pers,81,64,svc_per,HEREEMPN
1008,812921,PHOTOFINISHING LABORATORIES (EXCEPT ONE-HOUR),serv_pers,81,64,svc_per,HEREEMPN
1009,812930,PARKING LOTS AND GARAGES,serv_pers,81,64,svc_per,HEREEMPN
1010,812990,ALL OTHER PERSONAL SERVICES,serv_pers,81,64,svc_per,HEREEMPN
1011,813110,RELIGIOUS ORGANIZATIONS,serv_pers,81,65,svc_per,HEREEMPN
1012,813211,GRANTMAKING FOUNDATIONS,serv_pers,81,65,svc_per,HEREEMPN
1013,813212,VOLUNTARY HEALTH ORGANIZATIONS,serv_pers,81,65,svc_per,HEREEMPN
1014,813219,OTHER GRANTMAKING AND GIVING SERVICES,serv_pers,81,65,svc_per,HEREEMPN
1015,813311,GRANTS MORE,serv_pers,81,65,svc_per,HEREEMPN
1016,813312,"ENVIRONMENT, CONSERVATION, AND WILDLIFE ORGANIZATIONS",serv_pers,81,65,svc_per,HEREEMPN
1017,813319,OTHER SOCIAL ADVOCACY ORGANIZATIONS,serv_pers,81,65,svc_per,HEREEMPN
1018,813410,CIVIC AND SOCIAL ORGANIZATIONS,serv_pers,81,65,svc_per,HEREEMPN
1019,813910,BUSINESS ASSOCIATIONS,serv_pers,81,65,svc_per,HEREEMPN
1020,813920,PROFESSIONAL ORGANIZATIONS,serv_pers,81,65,svc_per,HEREEMPN
1021,813930,LABOR UNIONS AND SIMILAR LABOR ORGANIZATIONS,serv_pers,81,65,svc_per,HEREEMPN
1022,813940,POLITICAL ORGANIZATIONS,serv_pers,81,65,svc_per,HEREEMPN
1023,813990,"OTHER SIMILAR ORGANIZATIONS (EXCEPT BUSINESS, PROFESSIONAL, LABOR, AND POLITICAL ORGANIZATIONS)",serv_pers,81,65,svc_per,HEREEMPN
1024,921110,EXECUTIVE OFFICES,gov,92,6768,gov,OTHEMPN
1025,921120,LEGISLATIVE BODIES,gov,92,6768,gov,OTHEMPN
1026,921130,PUBLIC FINANCE,gov,92,6768,gov,OTHEMPN
1027,921140,"EXECUTIVE AND LEGISLATIVE OFFICES, COMBINED",gov,92,6768,gov,OTHEMPN
1028,921150,AMERICAN INDIAN AND ALASKA NATIVE TRIBAL GOVERNMENTS,gov,92,6768,gov,OTHEMPN
1029,921190,ALL OTHER GENERAL GOVERNMENT,gov,92,6768,gov,OTHEMPN
1030,922110,COURTS,gov,92,6768,gov,OTHEMPN
1031,922120,POLICE PROTECTION,gov,92,6768,gov,OTHEMPN
1032,922130,LEGAL COUNSEL AND PROSECUTION,gov,92,6768,gov,OTHEMPN
1033,922140,CORRECTIONAL INSTITUTIONS,gov,92,6768,gov,OTHEMPN
1034,922150,PAROLE OFFICES AND PROBATION OFFICES,gov,92,6768,gov,OTHEMPN
1035,922160,FIRE PROTECTION,gov,92,6768,gov,OTHEMPN
1036,922190,"ALL OTHER JUSTICE, PUBLIC ORDER, AND SAFETY",gov,92,6768,gov,OTHEMPN
1037,923110,ADMINISTRATION OF EDUCATION PROGRAMS,gov,92,6768,gov,OTHEMPN
1038,923120,ADMINISTRATION OF PUBLIC HEALTH PROGRAMS,gov,92,6768,gov,OTHEMPN
1039,923130,"ADMINISTRATION OF SOCIAL, HUMAN RESOURCE AND INCOME MAINTENANCE PROGRAMS",gov,92,6768,gov,OTHEMPN
1040,923140,ADMINISTRATION OF VETERAN'S AFFAIRS,gov,92,6768,gov,OTHEMPN
1041,924110,AIR AND WATER RESOURCE AND SOLID WASTE MANAGEMENT,gov,92,6768,gov,OTHEMPN
1042,924120,"LAND, MINERAL, WILDLIFE, AND FOREST CONSERVATION",gov,92,6768,gov,OTHEMPN
1043,925110,ADMINISTRATION OF HOUSING PROGRAMS,gov,92,6768,gov,OTHEMPN
1044,925120,ADMINISTRATION OF URBAN PLANNING AND COMMUNITY AND RURAL DEVELOPMENT,gov,92,6768,gov,OTHEMPN
1045,926110,ADMINISTRATION OF GENERAL ECONOMIC PROGRAMS,gov,92,6768,gov,OTHEMPN
1046,926120,REGULATION AND ADMINISTRATION OF TRANSPORTATION PROGRAMS,gov,92,6768,gov,OTHEMPN
1047,926130,"REGULATION AND ADMINISTRATION OF COMMUNICATIONS, ELECTRIC, GAS, AND OTHER UTILITIES",gov,92,6768,gov,OTHEMPN
1048,926140,REGULATION OF AGRICULTURAL MARKETING AND COMMODITY,gov,92,6768,gov,OTHEMPN
1049,926150,"REGULATION, LICENSING, AND INSPECTION OF MISCELLANEOUS COMMERCIAL SECTORS",gov,92,6768,gov,OTHEMPN
1050,927110,SPACE RESEARCH AND TECHNOLOGY,gov,92,6768,gov,OTHEMPN
1051,928110,NATIONAL SECURITY,gov,92,6768,gov,OTHEMPN
1052,928120,INTERNATIONAL AFFAIRS,gov,92,6768,gov,OTHEMPN
1053,999990,MISSING,mis,0,0,mis,MISSING
